timestamp,can_id,byte_0,byte_1,byte_2,byte_3,byte_4,byte_5,byte_6,byte_7,byte_4_diff,driving_state
3.2017499999999997,111,157,243,14,57,29,6,176,131,,idle
3.4118999999999997,111,159,179,238,57,145,122,239,130,116.0,driving
3.69185,111,169,163,142,60,7,78,176,125,138.0,driving
3.99175,111,165,83,14,59,250,157,175,128,243.0,driving
4.1895999999999995,111,169,115,174,59,245,45,144,131,5.0,idle
4.38755,111,161,11,207,188,170,241,175,112,75.0,driving
4.58555,111,175,219,13,56,229,69,176,125,59.0,driving
4.78355,111,165,99,46,60,241,153,176,123,12.0,driving
4.9818,111,169,179,78,58,34,46,175,124,207.0,driving
5.17955,111,161,131,110,187,27,194,207,122,7.0,idle
5.377549999999999,111,183,43,46,60,45,162,174,149,18.0,driving
5.57555,111,175,195,77,58,24,186,207,131,21.0,driving
5.77355,111,129,227,109,58,229,105,48,120,205.0,driving
5.97175,111,169,163,142,189,11,154,16,117,218.0,driving
6.1696,111,165,99,46,188,239,241,79,127,228.0,driving
6.3675999999999995,111,161,75,78,187,30,78,144,124,209.0,driving
6.5656,111,151,115,14,60,9,46,144,120,21.0,driving
6.763599999999999,111,161,107,142,61,13,254,110,119,4.0,idle
6.9617,111,151,43,46,187,225,169,17,122,212.0,driving
7.159599999999999,111,187,67,14,189,241,173,48,130,16.0,driving
7.35755,111,195,147,78,187,180,109,51,134,61.0,driving
7.555549999999999,111,165,19,15,61,56,122,207,139,124.0,driving
7.75355,111,163,179,142,187,229,17,144,127,173.0,driving
7.9517,111,147,147,174,57,226,205,112,128,3.0,idle
8.14955,111,177,211,206,59,19,226,47,122,207.0,driving
8.34755,111,171,107,206,58,10,34,16,120,9.0,idle
8.54555,111,145,219,14,188,183,1,118,105,173.0,driving
8.743599999999999,111,217,171,78,56,87,86,215,94,96.0,driving
8.941849999999999,111,39,180,78,55,161,124,179,52,74.0,driving
9.14115,111,33,236,240,183,7,130,114,143,154.0,driving
9.33905,111,53,76,176,54,61,94,19,137,54.0,driving
9.53705,111,65,108,144,182,4,202,108,138,57.0,driving
9.7351,111,23,228,175,183,114,95,9,193,110.0,driving
9.93325,111,185,123,206,187,21,218,12,138,93.0,driving
10.1312,111,193,3,46,188,4,42,240,121,17.0,driving
10.32905,111,165,139,206,188,30,54,234,108,26.0,driving
10.52705,111,225,75,141,62,246,13,239,111,216.0,driving
10.72505,111,229,3,141,62,230,57,113,141,16.0,driving
10.92325,111,227,163,13,63,252,237,112,134,22.0,driving
11.1212,111,215,171,109,62,17,66,112,122,235.0,driving
11.31905,111,213,147,141,62,0,174,80,132,17.0,driving
11.51705,111,207,195,45,62,0,54,112,127,0.0,idle
11.71505,111,209,219,13,190,245,57,80,127,245.0,driving
11.9132,111,219,163,141,61,248,229,143,125,3.0,idle
12.1112,111,213,155,205,189,0,38,240,131,248.0,driving
12.30905,111,207,203,237,61,254,37,80,126,254.0,driving
12.50705,111,215,203,13,190,6,14,144,126,248.0,driving
12.70505,111,219,163,141,61,250,229,175,129,244.0,driving
12.9033,111,213,163,205,189,5,2,176,126,245.0,driving
13.1012,111,211,227,13,62,4,242,207,125,1.0,idle
13.29905,111,213,219,237,189,254,221,47,129,250.0,driving
13.49705,111,219,155,141,189,250,17,144,130,4.0,idle
13.69505,111,213,147,141,189,246,33,240,126,4.0,idle
13.8932,111,211,227,237,189,21,82,80,131,225.0,driving
14.0912,111,221,163,141,61,244,209,239,127,223.0,driving
14.28905,111,213,147,173,61,252,217,111,129,8.0,idle
14.48705,111,209,187,45,62,4,202,111,126,248.0,driving
14.68505,111,205,235,173,189,248,53,112,127,244.0,driving
14.88195,111,215,131,13,62,0,250,15,131,248.0,driving
15.0796,111,201,235,237,61,251,201,79,129,251.0,driving
15.2776,111,207,243,45,62,13,90,176,126,238.0,driving
15.4756,111,209,163,205,189,1,206,79,126,12.0,driving
15.6736,111,207,179,205,189,248,13,144,130,247.0,driving
15.87165,111,205,243,141,62,8,242,143,129,240.0,driving
16.069599999999998,111,209,203,109,190,11,66,144,124,3.0,idle
16.267599999999998,111,215,107,13,190,12,50,208,129,1.0,idle
16.4656,111,199,195,109,62,5,14,240,129,7.0,idle
16.6636,111,201,235,141,190,6,246,79,127,1.0,idle
16.8617,111,213,163,77,62,8,14,80,127,2.0,idle
17.0596,111,209,139,205,62,255,17,240,128,247.0,driving
17.2576,111,199,219,205,190,254,21,48,131,1.0,idle
17.4562,111,205,227,173,62,0,18,144,127,254.0,driving
17.65505,111,209,171,109,190,3,230,239,125,3.0,idle
17.853199999999998,111,205,163,173,62,250,5,144,131,247.0,driving
18.0512,111,201,211,173,62,254,1,112,129,4.0,idle
18.2491,111,205,211,173,62,3,18,80,125,251.0,driving
18.4456,111,215,115,173,62,1,30,48,129,2.0,idle
18.6436,111,211,171,141,62,252,21,176,123,251.0,driving
18.8418,111,207,243,77,62,1,2,208,124,251.0,driving
19.0396,111,217,155,77,62,250,245,239,129,249.0,driving
19.2376,111,217,123,173,62,1,6,80,128,249.0,driving
19.4356,111,209,195,141,62,2,22,80,127,1.0,idle
19.6336,111,209,211,237,189,0,14,80,127,2.0,idle
19.8318,111,217,131,13,62,250,253,239,130,250.0,driving
20.0296,111,213,131,77,62,254,41,112,128,4.0,idle
20.2276,111,205,227,141,190,8,2,208,125,246.0,driving
20.4256,111,211,211,109,190,1,246,15,128,7.0,idle
20.6236,111,223,115,77,190,250,253,143,129,249.0,driving
20.8218,111,217,131,109,190,252,245,207,125,2.0,idle
21.0196,111,209,243,109,190,1,246,79,125,251.0,driving
21.217599999999997,111,217,147,205,62,252,253,143,128,251.0,driving
21.4156,111,207,219,141,62,252,9,112,130,0.0,idle
21.6136,111,213,195,77,62,1,10,48,127,251.0,driving
21.8117,111,219,131,237,61,1,242,15,127,0.0,idle
22.0096,111,217,115,109,62,254,25,240,130,253.0,driving
22.2076,111,209,227,109,190,247,37,112,129,7.0,idle
22.4056,111,219,163,237,189,8,246,143,126,239.0,driving
22.6036,111,217,115,77,190,7,242,143,128,1.0,idle
22.8018,111,215,179,141,190,248,13,144,131,241.0,driving
22.999599999999997,111,215,235,109,190,254,1,112,127,6.0,idle
23.1976,111,221,131,45,62,254,217,143,125,0.0,idle
23.3956,111,219,115,77,62,253,5,240,130,1.0,idle
23.5936,111,205,219,77,190,254,245,207,128,1.0,idle
23.79175,111,215,203,109,62,253,17,176,128,1.0,idle
23.9896,111,215,147,109,62,251,1,208,126,2.0,idle
24.1876,111,209,171,141,190,246,249,143,130,5.0,idle
24.3856,111,205,35,78,62,253,37,208,127,7.0,idle
24.5836,111,215,179,237,61,250,41,144,125,3.0,idle
24.7819,111,197,227,205,190,252,173,143,132,2.0,idle
24.9796,111,205,235,141,190,4,230,239,124,248.0,driving
25.1776,111,201,219,109,62,247,25,208,126,243.0,driving
25.3756,111,97,204,46,57,198,204,249,2,49.0,driving
25.5736,111,111,52,143,182,249,213,47,130,51.0,driving
25.771749999999997,111,111,68,175,58,58,238,178,124,191.0,driving
25.9696,111,95,116,207,58,23,250,144,128,35.0,driving
26.1676,111,121,20,207,57,240,229,142,130,217.0,driving
26.365599999999997,111,133,252,142,57,247,137,143,129,7.0,idle
26.563599999999997,111,103,68,111,58,5,190,48,125,242.0,driving
26.7617,111,103,116,47,186,3,50,240,129,2.0,idle
26.9596,111,119,60,143,178,255,157,143,129,252.0,driving
27.1576,111,233,91,175,189,158,150,11,253,97.0,driving
27.3556,111,219,139,206,190,88,78,239,129,70.0,driving
27.5536,111,229,163,173,188,10,254,46,134,78.0,driving
27.7521,111,215,227,77,60,43,70,80,130,33.0,driving
27.9496,111,207,3,46,61,41,90,208,125,2.0,idle
28.147599999999997,111,223,155,173,189,26,242,143,127,15.0,driving
28.345599999999997,111,221,163,141,189,246,109,16,132,220.0,driving
28.5436,111,217,171,45,61,11,38,176,126,235.0,driving
28.74185,111,219,179,173,61,243,41,48,128,232.0,driving
28.9411,111,221,171,141,189,244,1,112,127,1.0,idle
29.1392,111,217,203,77,61,255,29,176,129,11.0,driving
29.3371,111,217,203,13,61,250,245,15,129,5.0,idle
29.5351,111,217,187,141,61,4,226,111,128,246.0,driving
29.73325,111,219,203,77,61,10,222,111,129,6.0,idle
29.931099999999997,111,219,187,13,189,4,238,175,128,6.0,idle
30.129199999999997,111,221,155,13,61,5,218,175,128,1.0,idle
30.3271,111,215,187,141,189,251,17,48,128,246.0,driving
30.5251,111,215,195,77,61,252,45,144,128,1.0,idle
30.72325,111,219,179,77,189,249,29,208,127,3.0,idle
30.9211,111,215,179,109,189,252,229,111,127,3.0,idle
31.119249999999997,111,215,187,77,189,255,1,112,128,3.0,idle
31.3171,111,215,211,45,61,254,13,176,127,1.0,idle
31.5151,111,219,179,45,189,254,221,143,128,0.0,idle
31.71325,111,215,203,77,189,4,26,16,128,250.0,driving
31.9111,111,215,203,45,61,2,246,111,128,2.0,idle
32.1092,111,217,179,205,188,248,229,207,128,246.0,driving
32.3071,111,217,179,13,61,5,250,15,129,243.0,driving
32.5051,111,213,211,237,60,9,10,16,128,4.0,idle
32.70325,111,215,211,205,60,255,37,144,127,246.0,driving
32.9011,111,217,187,45,189,252,241,175,128,3.0,idle
33.099199999999996,111,215,203,13,61,4,26,80,128,248.0,driving
33.2971,111,213,227,45,61,253,253,207,127,249.0,driving
33.4951,111,215,187,237,188,247,233,79,129,6.0,idle
33.69195,111,215,211,237,60,255,241,207,128,8.0,idle
33.8896,111,217,203,13,61,2,14,208,127,253.0,driving
34.0876,111,217,179,205,60,254,5,112,127,252.0,driving
34.285599999999995,111,215,203,237,60,243,1,16,128,11.0,driving
34.484249999999996,111,215,203,205,188,4,22,176,128,239.0,driving
34.6824,111,215,195,45,189,2,22,240,127,2.0,idle
34.8806,111,215,195,13,61,244,249,47,128,242.0,driving
35.0792,111,215,211,237,60,2,250,207,128,242.0,driving
35.2771,111,217,203,13,61,8,18,48,127,6.0,idle
35.4751,111,219,171,141,60,250,5,176,127,242.0,driving
35.673249999999996,111,215,211,237,188,245,1,80,128,5.0,idle
35.8711,111,215,211,173,188,5,30,16,128,240.0,driving
36.06925,111,219,187,141,188,2,246,143,128,3.0,idle
36.2671,111,217,187,173,60,250,233,207,127,248.0,driving
36.4651,111,215,203,205,60,10,242,143,130,240.0,driving
36.6632,111,215,203,173,188,20,18,176,127,10.0,idle
36.8611,111,215,171,45,61,245,241,207,128,225.0,driving
37.05925,111,213,211,45,61,253,225,207,128,8.0,idle
37.2571,111,211,227,173,60,8,38,48,128,245.0,driving
37.45365,111,215,195,205,60,0,230,111,128,8.0,idle
37.6518,111,217,179,13,61,8,26,80,127,8.0,idle
37.84965,111,211,219,109,61,6,18,112,129,2.0,idle
38.04765,111,215,187,141,189,0,222,175,130,6.0,idle
38.24565,111,215,171,77,189,251,29,80,128,251.0,driving
38.44365,111,213,203,77,189,254,9,16,128,3.0,idle
38.64185,111,213,211,45,189,252,245,239,128,2.0,idle
38.83965,111,213,187,13,61,243,249,79,128,9.0,idle
39.03765,111,215,179,13,61,7,22,16,128,236.0,driving
39.23565,111,211,219,45,61,3,238,79,128,4.0,idle
39.4336,111,215,187,45,61,250,245,79,128,247.0,driving
39.6318,111,217,171,205,60,0,10,176,127,250.0,driving
39.8296,111,213,203,13,189,252,9,112,126,252.0,driving
40.0276,111,217,163,13,189,244,253,175,128,8.0,idle
40.22565,111,211,235,237,60,251,5,112,128,7.0,idle
40.423649999999995,111,213,211,237,188,0,22,48,128,251.0,driving
40.62175,111,217,179,237,188,250,253,15,127,250.0,driving
40.81965,111,213,195,237,188,243,253,175,128,7.0,idle
41.01765,111,211,219,13,189,255,249,175,128,12.0,driving
41.21565,111,215,187,13,61,2,22,112,126,253.0,driving
41.41365,111,215,187,237,188,246,5,48,128,244.0,driving
41.611799999999995,111,211,227,13,189,254,21,48,128,8.0,idle
41.80965,111,215,203,205,60,2,30,112,127,252.0,driving
42.00765,111,217,179,205,60,2,10,176,127,0.0,idle
42.20565,111,213,219,205,60,250,241,175,128,248.0,driving
42.40365,111,211,235,173,188,8,250,143,128,242.0,driving
42.6017,111,217,179,173,188,254,9,176,127,246.0,driving
42.79965,111,213,203,205,188,250,213,47,129,4.0,idle
42.99765,111,211,227,205,188,0,242,79,128,250.0,driving
43.19565,111,213,203,205,188,4,2,208,126,4.0,idle
43.39365,111,217,163,205,188,248,245,207,128,244.0,driving
43.591899999999995,111,211,227,173,60,255,5,208,126,7.0,idle
43.789649999999995,111,215,203,205,60,252,237,15,128,3.0,idle
43.987649999999995,111,217,179,173,188,246,1,144,128,6.0,idle
44.185649999999995,111,215,203,205,60,4,254,47,128,242.0,driving
44.38365,111,213,227,205,188,1,250,239,127,3.0,idle
44.58175,111,215,203,237,188,245,241,47,128,244.0,driving
44.77965,111,215,187,205,188,0,38,144,127,245.0,driving
44.97765,111,215,211,237,59,220,21,81,119,220.0,driving
45.17565,111,15,108,45,186,172,137,212,97,48.0,driving
45.37365,111,251,171,13,59,228,85,176,133,56.0,driving
45.57185,111,227,251,205,55,71,230,22,154,157.0,driving
45.76965,111,211,147,206,191,39,65,165,146,32.0,driving
45.96765,111,151,91,110,184,38,253,204,175,1.0,idle
46.16565,111,169,99,206,183,208,173,172,123,170.0,driving
46.36365,111,167,43,78,59,45,26,77,127,163.0,driving
46.561699999999995,111,173,227,173,63,89,34,51,102,44.0,driving
46.75965,111,171,43,13,60,245,249,147,90,156.0,driving
46.95765,111,221,99,77,190,16,190,80,115,229.0,driving
47.15565,111,3,244,236,61,234,185,175,127,218.0,driving
47.353649999999995,111,181,67,14,188,184,46,46,56,50.0,driving
47.5518,111,75,204,205,66,205,24,207,191,21.0,driving
47.749649999999995,111,27,76,78,187,232,113,110,124,27.0,driving
47.94765,111,11,148,109,191,225,193,207,125,7.0,idle
48.14565,111,33,52,13,64,240,249,143,131,15.0,driving
48.34365,111,33,60,141,62,171,93,109,154,69.0,driving
48.5419,111,3,236,237,60,1,238,206,130,170.0,driving
48.74115,111,1,148,77,190,9,194,175,132,8.0,idle
48.9391,111,255,139,205,61,240,73,80,129,231.0,driving
49.137249999999995,111,3,148,173,190,232,169,80,127,8.0,idle
49.33515,111,255,163,205,62,14,226,15,131,218.0,driving
49.53335,111,5,124,77,62,255,241,207,129,241.0,driving
49.73115,111,1,172,77,62,251,93,16,127,4.0,idle
49.92915,111,1,164,45,190,252,21,208,127,1.0,idle
50.12725,111,3,124,109,62,247,41,112,128,5.0,idle
50.32515,111,1,148,173,62,8,22,144,127,239.0,driving
50.52325,111,1,164,109,190,255,221,15,129,247.0,driving
50.721149999999994,111,3,140,141,190,245,245,239,128,10.0,idle
50.919149999999995,111,1,132,109,62,253,5,112,127,8.0,idle
51.1173,111,1,180,141,190,8,210,79,127,245.0,driving
51.3151,111,1,156,109,190,248,205,239,128,240.0,driving
51.5133,111,255,107,173,62,247,21,16,129,1.0,idle
51.71115,111,255,171,141,190,14,6,144,127,233.0,driving
51.90915,111,255,163,77,62,0,238,143,128,14.0,driving
52.10725,111,1,148,77,62,247,9,112,129,247.0,driving
52.30515,111,1,156,141,62,9,66,208,126,238.0,driving
52.50335,111,5,124,13,62,1,6,80,128,8.0,idle
52.70115,111,1,148,77,62,248,245,111,129,247.0,driving
52.89915,111,3,188,77,190,2,18,240,127,246.0,driving
53.097249999999995,111,3,132,13,62,5,246,175,128,3.0,idle
53.29515,111,253,147,45,190,247,229,79,129,242.0,driving
53.49335,111,255,179,13,190,247,9,208,129,0.0,idle
53.69115,111,1,172,237,61,9,6,112,127,238.0,driving
53.88915,111,255,139,13,62,249,233,111,128,240.0,driving
54.0873,111,1,164,45,190,242,13,80,129,7.0,idle
54.285149999999994,111,255,155,205,189,10,10,240,126,232.0,driving
54.48325,111,255,123,77,62,251,229,79,128,241.0,driving
54.681149999999995,111,255,155,13,190,246,1,48,129,5.0,idle
54.87915,111,255,179,237,189,8,18,80,127,238.0,driving
55.07725,111,1,132,77,62,8,254,111,126,0.0,idle
55.27515,111,253,155,237,61,250,245,239,128,242.0,driving
55.47335,111,3,164,237,189,252,233,15,129,2.0,idle
55.67115,111,255,155,45,62,7,234,15,127,245.0,driving
55.86915,111,253,123,77,62,243,213,143,129,236.0,driving
56.067249999999994,111,253,163,45,62,246,237,175,129,3.0,idle
56.26365,111,253,187,237,61,245,189,111,129,1.0,idle
56.46185,111,251,131,77,190,240,5,240,129,5.0,idle
56.65965,111,255,155,237,61,11,2,240,126,229.0,driving
56.85765,111,255,155,237,61,251,245,79,128,240.0,driving
57.05565,111,253,123,109,190,244,13,144,129,7.0,idle
57.25365,111,251,139,13,190,9,2,16,128,235.0,driving
57.451899999999995,111,253,187,173,61,1,18,48,127,8.0,idle
57.649649999999994,111,253,147,13,62,247,37,176,128,246.0,driving
57.8477,111,251,155,237,61,5,246,207,127,242.0,driving
58.0457,111,1,188,13,62,2,246,79,128,3.0,idle
58.2437,111,251,163,77,62,247,1,176,129,245.0,driving
58.443349999999995,111,251,139,237,61,254,1,144,129,7.0,idle
58.6397,111,255,155,237,189,9,6,112,126,245.0,driving
58.8377,111,253,139,205,189,246,233,15,129,237.0,driving
59.0357,111,251,187,173,189,246,245,175,129,0.0,idle
59.23365,111,251,171,205,189,7,242,79,127,239.0,driving
59.4318,111,249,139,237,61,252,225,143,128,245.0,driving
59.62965,111,249,163,205,61,241,249,111,130,11.0,driving
59.82765,111,249,187,237,189,12,242,111,127,229.0,driving
60.02565,111,249,123,13,190,5,226,79,127,7.0,idle
60.223699999999994,111,245,155,205,61,241,17,208,128,236.0,driving
60.4218,111,251,163,173,61,1,18,16,128,240.0,driving
60.619699999999995,111,249,147,45,190,8,14,144,125,7.0,idle
60.817699999999995,111,247,147,237,61,245,241,15,129,237.0,driving
61.015699999999995,111,249,195,237,61,3,2,112,127,242.0,driving
61.2137,111,249,131,237,189,9,214,79,127,6.0,idle
61.4118,111,241,163,237,189,246,133,47,136,237.0,driving
61.6097,111,239,187,109,189,12,158,111,133,234.0,driving
61.8077,111,233,155,205,61,6,246,175,126,6.0,idle
62.0057,111,229,147,13,190,243,233,47,129,237.0,driving
62.20365,111,231,195,173,61,250,29,112,128,7.0,idle
62.40195,111,235,171,109,61,244,33,112,128,6.0,idle
62.59965,111,233,123,237,61,250,9,240,128,6.0,idle
62.7977,111,233,179,141,61,14,34,176,125,236.0,driving
62.9957,111,235,179,141,61,246,205,175,129,232.0,driving
63.1937,111,233,139,205,189,247,1,16,130,1.0,idle
63.39185,111,235,187,109,61,13,10,48,126,234.0,driving
63.5897,111,237,187,141,61,249,1,16,129,236.0,driving
63.787699999999994,111,237,123,141,61,239,181,239,131,10.0,idle
63.986,111,233,131,141,61,249,173,175,129,10.0,idle
64.1837,111,233,163,173,189,6,162,79,127,243.0,driving
64.3818,111,231,147,205,189,250,21,16,130,244.0,driving
64.5797,111,231,171,109,61,14,54,144,125,236.0,driving
64.7777,111,235,203,77,61,2,198,15,129,12.0,driving
64.9757,111,231,171,109,189,244,1,144,130,242.0,driving
65.1737,111,231,235,109,61,13,6,176,126,231.0,driving
65.3719,111,233,139,141,61,11,10,208,126,2.0,idle
65.5697,111,231,155,45,189,238,253,111,130,227.0,driving
65.76769999999999,111,231,235,45,189,1,34,144,127,237.0,driving
65.9657,111,233,187,77,189,16,6,16,125,15.0,driving
66.16369999999999,111,229,147,141,61,245,233,175,129,229.0,driving
66.36185,111,229,219,237,60,0,6,240,127,245.0,driving
66.55969999999999,111,231,171,109,189,10,18,80,126,10.0,idle
66.7577,111,229,147,141,61,241,229,175,129,231.0,driving
66.9557,111,229,227,45,61,247,241,47,129,6.0,idle
67.1537,111,233,171,45,61,8,6,176,126,239.0,driving
67.3519,111,229,163,141,189,243,1,144,128,235.0,driving
67.5497,111,229,219,45,189,244,9,80,129,1.0,idle
67.7477,111,233,171,237,60,13,242,207,126,231.0,driving
67.9457,111,227,147,109,189,249,241,143,128,236.0,driving
68.1437,111,227,187,13,189,241,249,111,130,8.0,idle
68.34335,111,227,203,45,189,251,253,47,128,10.0,idle
68.54115,111,227,139,141,61,250,245,15,128,1.0,idle
68.73915,111,227,195,45,61,10,30,176,126,240.0,driving
68.93715,111,233,195,45,61,2,226,239,127,8.0,idle
69.1353,111,231,147,141,61,242,5,240,129,240.0,driving
69.33335,111,229,171,13,189,5,14,144,127,237.0,driving
69.5312,111,233,203,109,189,255,5,112,128,250.0,driving
69.72919999999999,111,231,131,205,61,242,5,112,130,13.0,driving
69.9272,111,227,171,45,61,11,250,239,126,231.0,driving
70.1253,111,233,211,13,189,10,238,239,126,1.0,idle
70.32334999999999,111,231,139,141,189,240,233,239,129,230.0,driving
70.5212,111,225,179,141,189,11,14,16,128,229.0,driving
70.7192,111,233,187,173,61,14,38,208,125,3.0,idle
70.9172,111,229,171,45,62,245,245,111,130,231.0,driving
71.11534999999999,111,233,195,77,189,4,234,79,128,241.0,driving
71.3133,111,229,163,237,61,11,246,79,125,7.0,idle
71.51115,111,227,163,205,61,243,237,47,129,232.0,driving
71.7092,111,233,171,141,61,5,238,15,128,238.0,driving
71.9072,111,229,163,173,61,14,234,207,125,9.0,idle
72.1053,111,227,147,205,61,243,233,111,129,229.0,driving
72.30345,111,231,187,109,61,249,241,143,129,6.0,idle
72.5012,111,229,179,141,61,12,234,47,126,237.0,driving
72.69919999999999,111,225,155,173,61,243,245,239,128,231.0,driving
72.8972,111,229,203,77,189,247,229,207,129,4.0,idle
73.0953,111,227,195,141,189,12,210,207,126,235.0,driving
73.29335,111,225,155,173,189,243,245,15,129,231.0,driving
73.49119999999999,111,227,203,77,189,246,253,111,129,3.0,idle
73.6892,111,227,195,45,61,16,138,207,127,230.0,driving
73.88719999999999,111,225,171,109,189,243,229,207,129,227.0,driving
74.08534999999999,111,227,195,45,189,246,13,176,128,3.0,idle
74.2834,111,225,179,141,189,17,230,79,125,229.0,driving
74.4812,111,221,171,205,61,250,185,143,128,233.0,driving
74.6792,111,227,171,205,61,14,70,240,124,236.0,driving
74.8757,111,229,179,109,61,240,9,48,128,226.0,driving
75.07435,111,227,139,205,61,247,1,112,129,7.0,idle
75.27255,111,227,187,141,61,10,6,48,126,237.0,driving
75.4712,111,229,187,109,61,251,249,143,128,241.0,driving
75.6692,111,225,147,205,61,244,41,80,129,7.0,idle
75.8672,111,227,187,141,189,11,2,80,126,233.0,driving
76.06535,111,227,195,13,189,247,5,144,128,236.0,driving
76.26335,111,225,139,205,189,242,17,208,129,5.0,idle
76.46119999999999,111,229,163,13,61,8,10,112,126,234.0,driving
76.6592,111,229,195,13,189,246,21,144,128,238.0,driving
76.85719999999999,111,227,131,141,189,248,25,112,129,2.0,idle
77.05534999999999,111,227,179,237,60,14,34,176,125,234.0,driving
77.2534,111,227,203,45,61,247,17,112,128,233.0,driving
77.44969999999999,111,229,179,77,189,243,17,208,129,4.0,idle
77.64775,111,229,195,77,189,13,230,47,127,230.0,driving
77.84575,111,221,179,173,189,231,149,176,117,218.0,driving
78.04375,111,113,180,12,60,167,71,151,20,64.0,driving
78.2419,111,77,220,14,195,145,155,63,152,22.0,driving
78.43974999999999,111,11,188,143,198,56,2,82,94,89.0,driving
78.63775,111,45,60,111,73,252,253,207,127,196.0,driving
78.8357,111,35,148,143,201,250,241,207,127,2.0,idle
79.0337,111,35,140,111,201,253,33,176,127,3.0,idle
79.23185,111,35,140,143,73,1,42,208,127,252.0,driving
79.4297,111,35,148,207,201,251,253,207,127,250.0,driving
79.62769999999999,111,39,148,47,201,252,9,240,127,1.0,idle
79.8257,111,35,148,111,73,1,10,240,127,251.0,driving
80.02374999999999,111,37,148,239,201,255,245,175,127,254.0,driving
80.22189999999999,111,37,148,143,201,253,253,239,127,2.0,idle
80.41975,111,33,140,175,73,255,253,175,127,2.0,idle
80.61775,111,35,148,15,74,1,250,175,127,254.0,driving
80.81575,111,39,148,143,201,253,25,240,127,252.0,driving
81.01375,111,35,140,175,201,1,14,240,127,252.0,driving
81.212,111,37,156,15,202,255,9,16,128,254.0,driving
81.40975,111,37,148,143,73,2,250,207,127,253.0,driving
81.60775,111,35,140,175,73,2,238,143,127,0.0,idle
81.80575,111,37,148,15,202,0,250,239,127,2.0,idle
82.0037,111,37,148,143,201,0,14,240,127,0.0,idle
82.20179999999999,111,37,148,175,73,0,250,239,127,0.0,idle
82.39975,111,37,156,239,73,255,13,240,127,255.0,driving
82.59774999999999,111,37,148,143,201,0,2,208,127,255.0,driving
82.79575,111,35,140,175,73,0,250,111,127,0.0,idle
82.99374999999999,111,35,148,15,74,253,245,239,127,253.0,driving
83.19194999999999,111,37,148,175,73,255,249,207,127,2.0,idle
83.38974999999999,111,33,148,175,201,252,225,207,127,3.0,idle
83.58775,111,35,148,111,201,252,225,15,128,0.0,idle
83.78575,111,33,148,175,201,255,233,175,127,3.0,idle
83.98375,111,37,148,47,202,254,237,207,127,1.0,idle
84.1818,111,39,156,175,201,254,9,240,127,0.0,idle
84.37975,111,35,148,239,73,255,17,176,127,1.0,idle
84.57775,111,39,156,239,73,0,6,176,127,255.0,driving
84.77575,111,39,164,143,73,255,17,16,128,255.0,driving
84.97375,111,37,156,175,73,255,1,16,128,0.0,idle
85.172,111,37,156,47,202,1,234,239,127,254.0,driving
85.36975,111,37,148,143,201,251,233,15,128,250.0,driving
85.56774999999999,111,33,148,207,73,254,217,239,127,3.0,idle
85.76575,111,35,156,47,202,0,214,207,127,254.0,driving
85.96374999999999,111,39,156,207,73,253,233,207,127,253.0,driving
86.1619,111,37,156,207,73,254,245,111,127,1.0,idle
86.35974999999999,111,39,164,207,201,255,5,208,127,1.0,idle
86.55775,111,39,156,143,73,252,25,16,128,3.0,idle
86.75574999999999,111,37,164,175,73,1,34,240,127,251.0,driving
86.95375,111,37,164,239,201,254,13,240,127,253.0,driving
87.1519,111,41,164,111,73,252,9,16,128,2.0,idle
87.34975,111,37,164,207,73,255,1,208,127,3.0,idle
87.54775,111,39,164,239,201,254,17,240,127,1.0,idle
87.74575,111,41,164,143,201,254,17,208,127,0.0,idle
87.94375,111,39,164,175,73,4,246,175,127,250.0,driving
88.14189999999999,111,39,164,15,202,251,13,16,128,247.0,driving
88.3412,111,39,156,143,201,254,33,16,128,3.0,idle
88.53925,111,37,164,143,201,255,29,240,127,1.0,idle
88.73725,111,39,172,175,201,254,45,16,128,1.0,idle
88.93525,111,41,164,47,201,252,53,48,128,2.0,idle
89.1336,111,37,156,47,73,254,37,16,128,2.0,idle
89.33125,111,35,164,143,201,254,45,48,128,0.0,idle
89.52924999999999,111,37,156,47,201,1,58,240,127,253.0,driving
89.72725,111,37,164,79,201,252,45,16,128,251.0,driving
89.92524999999999,111,37,156,47,73,0,50,16,128,252.0,driving
90.12345,111,35,156,79,201,5,46,16,127,5.0,idle
90.32125,111,31,156,47,73,5,30,112,127,0.0,idle
90.51925,111,13,252,207,72,7,210,238,120,2.0,idle
90.7172,111,17,100,16,200,245,53,239,95,238.0,driving
90.9152,111,53,140,175,72,113,105,203,118,132.0,driving
91.1136,111,105,92,47,71,89,145,73,133,24.0,driving
91.31125,111,179,244,141,196,186,208,97,228,97.0,driving
91.50925,111,15,132,79,65,246,57,204,183,60.0,driving
91.70725,111,197,235,13,61,0,158,141,133,246.0,driving
91.90525,111,203,139,237,188,42,90,208,116,42.0,driving
92.10345,111,209,171,45,189,238,165,207,129,196.0,driving
92.30125,111,201,243,77,189,13,242,111,124,225.0,driving
92.49925,111,207,227,45,189,11,74,175,126,2.0,idle
92.69725,111,207,195,237,61,230,245,79,134,219.0,driving
92.89525,111,223,51,142,57,32,66,80,99,198.0,driving
93.0935,111,245,179,44,61,191,21,15,138,159.0,driving
93.29125,111,239,131,45,189,217,241,17,132,26.0,driving
93.48925,111,247,83,79,54,215,41,47,126,2.0,idle
93.68725,111,251,171,237,59,52,74,242,124,163.0,driving
93.88525,111,235,139,77,60,29,222,48,138,23.0,driving
94.08355,111,231,235,173,61,233,117,13,130,204.0,driving
94.28125,111,217,203,237,59,208,233,206,132,25.0,driving
94.47925,111,213,251,173,188,14,54,16,128,194.0,driving
94.67725,111,219,203,237,59,17,174,80,123,3.0,idle
94.87525,111,199,67,142,61,59,46,48,128,42.0,driving
95.07365,111,245,35,111,184,79,106,82,127,20.0,driving
95.27125,111,19,28,206,58,104,190,88,54,25.0,driving
95.46925,111,3,116,237,191,250,197,144,157,146.0,driving
95.66725,111,221,187,141,62,231,169,80,159,19.0,driving
95.86525,111,219,179,141,189,244,121,15,130,13.0,driving
96.0619,111,221,171,109,61,2,10,48,130,242.0,driving
96.25975,111,225,171,205,189,237,177,16,127,235.0,driving
96.45775,111,223,179,45,189,247,29,144,127,10.0,idle
96.65575,111,231,171,205,60,232,213,174,126,15.0,driving
96.85375,111,225,187,237,60,188,165,205,128,44.0,driving
97.05225,111,223,187,173,60,254,61,16,130,66.0,driving
97.2498,111,221,195,13,188,252,197,15,129,2.0,idle
97.4478,111,219,203,173,188,251,229,111,127,1.0,idle
97.6458,111,187,203,109,190,142,222,216,41,109.0,driving
97.8438,111,11,52,238,192,233,169,17,127,91.0,driving
98.0419,111,29,28,174,66,71,142,205,134,162.0,driving
98.2398,111,9,156,77,65,233,225,80,116,162.0,driving
98.43775,111,25,172,205,191,255,17,240,121,22.0,driving
98.63575,111,33,164,109,191,28,70,111,131,227.0,driving
98.83375,111,19,148,77,64,7,202,143,128,21.0,driving
99.032,111,25,100,13,64,16,42,175,139,9.0,idle
99.22975,111,17,140,141,192,41,18,48,129,25.0,driving
99.4278,111,1,172,109,193,19,138,16,126,22.0,driving
99.6258,111,15,140,141,64,1,70,144,127,18.0,driving
99.8238,111,11,140,173,193,24,174,208,129,23.0,driving
100.02185,111,25,116,205,66,93,54,242,112,69.0,driving
100.2198,111,253,3,142,197,216,98,51,132,123.0,driving
100.4178,111,13,244,173,68,144,149,14,123,72.0,driving
100.6158,111,23,196,141,68,246,209,207,124,102.0,driving
100.8138,111,29,196,45,68,251,29,80,125,5.0,idle
101.012,111,23,196,77,68,0,18,208,127,251.0,driving
101.2098,111,21,196,109,196,251,245,79,128,251.0,driving
101.4078,111,21,212,45,196,2,6,176,127,249.0,driving
101.60575,111,23,212,45,196,249,9,48,128,247.0,driving
101.8038,111,21,212,77,68,254,5,112,128,5.0,idle
102.00185,111,25,220,45,196,6,6,144,128,248.0,driving
102.1998,111,23,204,77,68,249,241,79,128,243.0,driving
102.3978,111,27,228,45,68,253,245,79,128,4.0,idle
102.5958,111,25,220,109,68,9,242,239,128,244.0,driving
102.7938,111,25,212,45,68,251,5,16,128,242.0,driving
102.99195,111,29,220,45,68,4,14,240,128,247.0,driving
103.1898,111,21,196,109,196,6,6,208,128,2.0,idle
103.3878,111,25,204,13,68,242,225,175,128,236.0,driving
103.5858,111,31,212,45,68,254,253,47,128,12.0,driving
103.7838,111,23,196,109,68,2,238,15,129,252.0,driving
103.98195,111,25,212,45,68,249,249,207,127,247.0,driving
104.1798,111,25,204,45,196,0,242,175,128,249.0,driving
104.3778,111,23,196,77,196,255,25,48,128,255.0,driving
104.5758,111,25,212,45,68,248,1,208,127,7.0,idle
104.7738,111,23,204,77,68,3,22,80,127,245.0,driving
104.9721,111,21,188,109,68,3,26,208,127,0.0,idle
105.1698,111,27,220,45,68,252,229,239,127,249.0,driving
105.3678,111,21,204,109,68,5,22,48,128,247.0,driving
105.5658,111,25,196,45,68,252,225,47,128,247.0,driving
105.7638,111,29,220,45,196,0,234,175,128,252.0,driving
105.96195,111,21,204,141,196,6,22,240,127,6.0,idle
106.1598,111,21,196,77,68,2,226,47,128,4.0,idle
106.3578,111,29,220,45,196,4,250,143,128,2.0,idle
106.5558,111,19,204,141,68,246,241,175,127,242.0,driving
106.7538,111,27,196,45,68,6,218,15,129,240.0,driving
106.95195,111,29,204,77,68,0,26,48,127,6.0,idle
107.1498,111,19,188,109,68,243,233,111,127,243.0,driving
107.3478,111,23,188,13,196,0,186,175,128,243.0,driving
107.5458,111,27,244,109,67,3,18,144,124,3.0,idle
107.7438,111,69,124,46,72,171,214,143,85,168.0,driving
107.94195,111,113,180,14,72,160,182,179,82,11.0,driving
108.1414,111,67,52,143,72,81,38,180,124,79.0,driving
108.3393,111,17,148,207,67,143,163,95,137,62.0,driving
108.5373,111,31,148,143,201,241,237,47,128,98.0,driving
108.7353,111,31,156,111,201,9,222,143,127,232.0,driving
108.93345,111,33,156,175,73,255,241,207,127,246.0,driving
109.1314,111,31,164,175,73,250,253,15,128,5.0,idle
109.3293,111,31,156,207,201,6,10,240,127,244.0,driving
109.5273,111,33,172,175,201,2,242,15,128,4.0,idle
109.7253,111,35,172,207,73,254,253,47,128,252.0,driving
109.92355,111,29,164,175,73,5,22,240,127,249.0,driving
110.12145,111,29,172,143,201,0,2,240,127,5.0,idle
110.3193,111,31,156,175,73,1,254,239,127,1.0,idle
110.5173,111,29,164,143,201,2,22,208,127,1.0,idle
110.7153,111,31,180,111,201,255,1,240,127,253.0,driving
110.9134,111,29,164,207,201,252,245,47,128,3.0,idle
111.1114,111,31,164,207,201,255,249,15,128,3.0,idle
111.3093,111,31,172,143,73,251,5,48,128,4.0,idle
111.5073,111,27,156,143,73,1,6,48,128,250.0,driving
111.7053,111,31,188,143,73,0,246,15,128,1.0,idle
111.90345,111,31,180,111,73,252,5,48,128,252.0,driving
112.1014,111,29,172,143,201,255,9,240,127,3.0,idle
112.2993,111,31,180,143,73,255,5,240,127,0.0,idle
112.4973,111,31,164,143,201,1,14,144,127,254.0,driving
112.6953,111,31,164,175,201,0,246,15,128,1.0,idle
112.89345,111,29,180,111,201,253,245,15,128,253.0,driving
113.09145,111,31,156,175,201,1,250,15,128,252.0,driving
113.2893,111,31,164,239,201,250,253,79,128,249.0,driving
113.4873,111,33,172,143,73,253,233,15,128,3.0,idle
113.6853,111,31,164,207,201,1,246,15,128,252.0,driving
113.8835,111,33,180,239,201,253,1,48,128,252.0,driving
114.0814,111,33,188,143,201,1,250,47,128,252.0,driving
114.2793,111,31,164,207,201,2,250,47,128,1.0,idle
114.47735,111,31,188,143,73,254,9,48,128,252.0,driving
114.6753,111,33,180,175,201,2,10,16,128,252.0,driving
114.8721,111,31,188,143,73,1,242,47,128,1.0,idle
115.0698,111,29,172,175,201,254,241,15,128,253.0,driving
115.2678,111,31,172,207,73,2,2,240,127,252.0,driving
115.4658,111,31,188,143,201,252,245,15,128,250.0,driving
115.6638,111,29,156,207,201,252,241,47,128,0.0,idle
115.86195,111,31,172,239,201,1,250,239,127,251.0,driving
116.05985,111,33,180,111,201,252,5,48,128,251.0,driving
116.25785,111,31,172,143,201,0,10,16,128,252.0,driving
116.45585,111,31,196,175,201,254,5,48,128,254.0,driving
116.65385,111,31,188,111,73,252,29,48,128,2.0,idle
116.852,111,29,164,143,73,1,18,16,128,251.0,driving
117.04985,111,27,180,111,201,255,249,47,128,254.0,driving
117.24785,111,29,156,143,201,251,237,15,128,4.0,idle
117.44585,111,29,148,207,201,1,242,15,128,250.0,driving
117.64385,111,33,180,175,201,253,229,47,128,252.0,driving
117.842,111,33,156,239,73,255,225,15,128,2.0,idle
118.03985,111,37,180,15,202,2,250,239,127,253.0,driving
118.23785,111,35,180,175,73,254,5,80,128,252.0,driving
118.43585,111,33,180,175,201,1,18,48,128,253.0,driving
118.63385,111,33,196,175,73,254,9,80,128,253.0,driving
118.832,111,31,172,143,73,2,18,48,128,252.0,driving
119.02985,111,29,172,175,201,2,250,15,128,0.0,idle
119.22785,111,27,180,143,73,254,245,47,128,252.0,driving
119.42585,111,29,164,239,201,1,246,239,127,253.0,driving
119.62385,111,29,172,239,201,251,241,47,128,250.0,driving
119.8221,111,33,188,143,201,0,238,15,128,251.0,driving
120.01985,111,31,172,175,73,1,254,15,128,1.0,idle
120.21785,111,33,180,207,73,251,13,80,128,250.0,driving
120.41585,111,33,172,111,73,0,14,48,128,251.0,driving
120.61385,111,29,156,143,73,255,9,48,128,255.0,driving
120.81195,111,27,188,111,201,251,13,48,128,4.0,idle
121.00985,111,27,156,143,201,254,5,48,128,3.0,idle
121.20785,111,27,180,143,73,251,233,79,128,3.0,idle
121.40585,111,29,156,239,73,254,221,15,128,3.0,idle
121.60385,111,31,164,15,202,0,242,239,127,254.0,driving
121.80195,111,35,188,111,73,248,245,79,128,248.0,driving
121.99985,111,31,164,207,201,254,245,47,128,6.0,idle
122.19785,111,35,188,15,74,2,2,16,128,252.0,driving
122.39585,111,35,204,143,73,255,21,48,128,253.0,driving
122.59385,111,33,180,175,73,6,14,16,128,249.0,driving
122.79195,111,33,188,207,73,1,2,48,128,5.0,idle
122.98985,111,31,180,175,73,255,1,16,128,254.0,driving
123.18785,111,29,172,239,73,4,2,240,127,251.0,driving
123.38585,111,31,196,143,73,0,234,15,128,4.0,idle
123.58385,111,31,172,239,73,252,225,15,128,252.0,driving
123.78205,111,31,172,47,74,3,246,239,127,249.0,driving
123.97985,111,33,188,143,73,253,1,48,128,250.0,driving
124.17785,111,29,164,143,201,1,2,16,128,252.0,driving
124.37585,111,33,204,175,73,0,14,240,127,1.0,idle
124.57385,111,33,180,79,201,249,29,16,128,249.0,driving
124.77215,111,27,172,111,73,1,6,16,128,248.0,driving
124.96985,111,27,188,143,73,251,9,48,128,250.0,driving
125.16785,111,29,156,207,201,0,242,239,127,251.0,driving
125.36585,111,31,180,15,202,253,229,15,128,253.0,driving
125.56385,111,33,188,175,201,253,221,15,128,0.0,idle
125.762,111,33,156,239,73,0,246,15,128,253.0,driving
125.95985,111,37,196,239,201,252,17,80,128,252.0,driving
126.15785,111,33,188,143,73,3,18,16,128,249.0,driving
126.35585,111,29,188,111,201,2,10,16,128,1.0,idle
126.55385,111,29,196,175,73,254,9,48,128,252.0,driving
126.752,111,29,172,239,201,5,246,239,127,249.0,driving
126.94985,111,31,188,15,74,253,241,207,127,248.0,driving
127.14785,111,31,188,175,201,253,233,47,128,0.0,idle
127.34585,111,31,196,239,201,0,2,16,128,253.0,driving
127.54385,111,33,196,111,73,253,21,80,128,253.0,driving
127.742,111,29,172,111,201,1,26,48,128,252.0,driving
127.94135,111,31,204,143,201,255,9,48,128,254.0,driving
128.13944999999998,111,33,188,111,73,252,21,48,128,3.0,idle
128.33735,111,27,164,175,201,1,6,16,128,251.0,driving
128.53535,111,29,188,207,73,254,229,47,128,253.0,driving
128.73364999999998,111,33,172,239,201,0,254,47,128,254.0,driving
128.93134999999998,111,33,196,207,201,3,10,208,127,3.0,idle
129.1295,111,33,196,111,201,253,17,80,128,250.0,driving
129.32735,111,29,180,175,73,6,18,16,128,247.0,driving
129.52535,111,31,212,175,201,0,238,47,128,6.0,idle
129.72345,111,31,180,175,73,255,253,47,128,255.0,driving
129.92135,111,27,180,207,73,3,2,16,128,252.0,driving
130.1195,111,29,188,175,201,0,230,15,128,3.0,idle
130.31735,111,31,180,207,201,253,233,15,128,253.0,driving
130.51534999999998,111,31,188,15,74,2,6,16,128,251.0,driving
130.71349999999998,111,33,196,79,73,253,21,48,128,251.0,driving
130.91135,111,27,180,111,201,1,30,48,128,252.0,driving
131.1095,111,29,204,143,73,250,21,80,128,249.0,driving
131.30735,111,29,172,175,73,1,2,16,128,249.0,driving
131.50535,111,31,180,15,74,255,229,47,128,254.0,driving
131.70345,111,31,204,175,201,252,217,47,128,3.0,idle
131.90135,111,33,180,239,201,0,238,239,127,252.0,driving
132.0995,111,33,196,79,74,251,241,79,128,251.0,driving
132.29735,111,33,196,175,201,1,238,47,128,250.0,driving
132.49535,111,31,180,175,73,2,6,16,128,1.0,idle
132.69355,111,31,196,143,201,254,29,80,128,252.0,driving
132.89135,111,29,188,175,201,3,14,16,128,251.0,driving
133.0895,111,27,180,207,201,253,237,47,128,250.0,driving
133.2874,111,29,196,207,201,251,229,15,128,2.0,idle
133.4839,111,31,188,15,202,0,242,239,127,251.0,driving
133.68205,111,33,196,175,201,252,13,48,128,252.0,driving
133.8799,111,31,180,111,201,255,9,48,128,3.0,idle
134.0779,111,31,204,207,201,0,18,48,128,255.0,driving
134.2759,111,29,180,111,201,252,25,16,128,252.0,driving
134.4739,111,25,164,111,201,255,9,16,128,3.0,idle
134.67215,111,27,204,207,201,253,225,15,128,2.0,idle
134.8699,111,29,180,239,73,255,229,47,128,2.0,idle
135.06789999999998,111,37,204,207,201,255,249,47,128,0.0,idle
135.2659,111,33,196,143,73,251,17,80,128,4.0,idle
135.4639,111,29,180,143,201,4,30,16,128,247.0,driving
135.662,111,31,204,175,73,0,22,112,127,4.0,idle
135.8605,111,29,196,143,201,254,245,15,128,254.0,driving
136.0595,111,29,188,239,201,255,245,239,127,1.0,idle
136.2559,111,33,204,175,201,253,249,47,128,2.0,idle
136.4554,111,31,172,207,73,1,250,47,128,252.0,driving
136.65355,111,31,204,207,73,2,6,16,128,1.0,idle
136.85139999999998,111,35,196,143,73,249,21,48,128,247.0,driving
137.0495,111,23,180,111,73,1,26,48,128,248.0,driving
137.2459,111,29,212,175,201,250,13,48,128,249.0,driving
137.4439,111,29,180,207,73,2,250,15,128,248.0,driving
137.64194999999998,111,31,188,15,202,252,229,47,128,250.0,driving
137.8399,111,35,204,175,73,3,242,47,128,249.0,driving
138.0379,111,31,172,207,201,2,2,16,128,1.0,idle
138.2359,111,31,220,143,73,250,17,80,128,248.0,driving
138.4339,111,29,196,111,73,2,18,16,128,248.0,driving
138.63225,111,25,180,143,201,254,249,47,128,252.0,driving
138.82989999999998,111,29,204,207,201,252,229,47,128,2.0,idle
139.0279,111,27,188,207,201,253,237,15,128,1.0,idle
139.2259,111,31,188,15,74,252,253,47,128,1.0,idle
139.4239,111,31,196,143,73,0,254,47,128,252.0,driving
139.622,111,27,180,111,201,0,14,48,128,0.0,idle
139.8199,111,31,196,79,201,249,9,48,128,249.0,driving
140.0179,111,27,172,207,73,0,254,239,127,249.0,driving
140.2159,111,29,204,239,201,255,233,15,128,255.0,driving
140.41389999999998,111,31,180,15,74,3,234,15,128,252.0,driving
140.61204999999998,111,35,204,79,74,6,246,239,127,3.0,idle
140.8099,111,37,204,175,73,255,13,80,128,249.0,driving
141.0079,111,31,196,111,201,4,22,48,128,251.0,driving
141.2059,111,29,196,175,201,0,254,47,128,4.0,idle
141.4039,111,27,196,143,73,252,249,15,128,252.0,driving
141.602,111,27,188,207,201,254,245,239,127,2.0,idle
141.79989999999998,111,31,204,175,73,252,245,47,128,2.0,idle
141.9979,111,29,188,207,73,4,2,48,128,248.0,driving
142.1959,111,33,204,175,73,0,2,48,128,4.0,idle
142.3939,111,33,188,143,73,251,25,80,128,251.0,driving
142.5921,111,29,172,207,201,5,14,16,128,246.0,driving
142.7899,111,27,220,175,201,253,241,47,128,248.0,driving
142.9879,111,31,180,47,202,255,217,239,127,2.0,idle
143.1859,111,31,188,15,202,0,238,239,127,255.0,driving
143.38389999999998,111,35,204,143,73,255,17,80,128,255.0,driving
143.5821,111,31,188,175,201,1,10,48,128,254.0,driving
143.7799,111,29,212,175,201,253,237,15,128,252.0,driving
143.97795,111,31,180,239,201,2,242,239,127,251.0,driving
144.17595,111,29,196,15,74,252,245,47,128,250.0,driving
144.37394999999998,111,35,212,143,201,1,254,47,128,251.0,driving
144.57215,111,29,180,143,73,3,246,15,128,2.0,idle
144.76995,111,31,204,175,73,251,29,48,128,248.0,driving
144.96795,111,29,180,111,73,2,26,48,128,249.0,driving
145.1659,111,25,172,175,201,254,241,47,128,252.0,driving
145.3639,111,29,204,207,73,251,225,47,128,3.0,idle
145.56205,111,31,180,239,73,255,237,15,128,4.0,idle
145.7599,111,33,204,239,73,251,13,112,128,4.0,idle
145.9579,111,31,180,143,73,4,26,48,128,247.0,driving
146.1559,111,29,204,143,73,1,2,48,128,3.0,idle
146.35389999999998,111,29,180,175,73,253,241,47,128,252.0,driving
146.5521,111,31,188,239,201,1,238,239,127,252.0,driving
146.74994999999998,111,33,204,175,201,252,253,79,128,251.0,driving
146.94795,111,29,188,175,73,3,14,48,128,249.0,driving
147.14595,111,31,212,175,201,0,254,47,128,3.0,idle
147.34395,111,31,204,111,73,251,13,80,128,251.0,driving
147.54205,111,25,164,207,73,255,5,16,128,4.0,idle
147.7414,111,27,196,175,201,252,237,47,128,3.0,idle
147.9394,111,31,196,239,73,255,225,15,128,3.0,idle
148.13755,111,35,212,47,74,2,250,15,128,253.0,driving
148.3354,111,33,204,175,201,253,17,80,128,251.0,driving
148.53369999999998,111,31,188,143,73,3,26,16,128,250.0,driving
148.73139999999998,111,29,204,207,201,4,250,15,128,1.0,idle
148.9294,111,27,180,207,201,254,229,15,128,250.0,driving
149.12755,111,33,196,239,201,255,241,15,128,1.0,idle
149.3254,111,33,204,143,73,252,13,80,128,3.0,idle
149.52349999999998,111,29,172,111,73,2,22,48,128,250.0,driving
149.7214,111,27,220,79,73,252,21,48,128,250.0,driving
149.9194,111,29,172,207,201,0,22,16,128,252.0,driving
150.11755,111,27,180,175,201,255,237,15,128,255.0,driving
150.31545,111,31,212,239,201,252,225,47,128,3.0,idle
150.5136,111,33,180,207,73,1,250,47,128,251.0,driving
150.71145,111,31,212,175,73,253,21,80,128,252.0,driving
150.90959999999998,111,29,196,175,73,3,14,16,128,250.0,driving
151.10755,111,29,196,239,73,253,237,47,128,250.0,driving
151.3054,111,33,212,207,73,255,225,47,128,2.0,idle
151.50355,111,31,180,143,73,3,254,15,128,252.0,driving
151.7014,111,29,220,143,201,253,21,48,128,250.0,driving
151.8994,111,29,180,143,73,1,14,16,128,252.0,driving
152.09595,111,29,212,207,201,0,238,15,128,1.0,idle
152.29395,111,25,172,207,201,251,217,47,128,251.0,driving
152.4922,111,33,196,15,202,0,242,15,128,251.0,driving
152.69055,111,35,204,207,201,1,6,48,128,1.0,idle
152.88944999999998,111,35,196,143,73,5,14,16,128,4.0,idle
153.08755,111,31,220,207,201,3,2,16,128,2.0,idle
153.28545,111,27,188,175,73,254,237,47,128,251.0,driving
153.4836,111,27,188,207,73,254,241,15,128,0.0,idle
153.68144999999998,111,31,204,175,73,252,249,47,128,2.0,idle
153.87945,111,31,188,175,73,2,6,48,128,250.0,driving
154.07755,111,29,212,143,73,255,1,48,128,253.0,driving
154.2754,111,29,188,207,73,253,241,15,128,2.0,idle
154.47365,111,29,180,15,202,0,238,239,127,253.0,driving
154.6714,111,33,212,207,201,254,237,47,128,254.0,driving
154.86945,111,35,188,207,73,3,254,47,128,251.0,driving
155.06754999999998,111,35,204,175,201,0,250,79,128,3.0,idle
155.26545,111,31,204,143,73,253,13,48,128,253.0,driving
155.4636,111,27,188,175,73,1,250,239,127,252.0,driving
155.66145,111,31,212,175,201,253,245,47,128,252.0,driving
155.85944999999998,111,31,172,175,201,0,250,79,128,253.0,driving
156.05595,111,29,196,175,201,253,13,80,128,253.0,driving
156.25395,111,29,188,111,73,0,26,16,128,253.0,driving
156.4521,111,27,180,143,73,254,253,79,128,254.0,driving
156.64995,111,29,196,239,73,251,233,47,128,3.0,idle
156.84795,111,31,180,239,73,0,242,15,128,251.0,driving
157.04595,111,33,212,175,73,0,10,80,128,0.0,idle
157.24394999999998,111,31,196,175,73,3,18,16,128,3.0,idle
157.4422,111,27,180,207,73,0,246,47,128,3.0,idle
157.63995,111,27,204,175,201,252,229,47,128,252.0,driving
157.83795,111,29,180,175,73,0,238,239,127,252.0,driving
158.03595,111,31,220,175,201,253,13,80,128,253.0,driving
158.23399999999998,111,31,196,143,201,1,10,48,128,252.0,driving
158.4321,111,23,204,111,201,252,1,80,128,251.0,driving
158.62994999999998,111,29,188,207,73,253,225,15,128,1.0,idle
158.82795,111,33,196,15,74,2,246,15,128,251.0,driving
159.02595,111,35,188,175,201,252,253,111,128,250.0,driving
159.22395,111,33,188,143,73,5,14,48,128,247.0,driving
159.4221,111,31,212,175,201,1,10,48,128,4.0,idle
159.61995,111,31,188,239,73,0,238,15,128,1.0,idle
159.81795,111,29,180,207,73,0,242,239,127,0.0,idle
160.01595,111,33,204,143,201,252,1,80,128,252.0,driving
160.214,111,29,172,175,73,0,14,48,128,252.0,driving
160.41209999999998,111,27,196,207,73,254,249,47,128,254.0,driving
160.61,111,25,164,207,73,252,225,47,128,2.0,idle
160.808,111,31,188,15,202,0,238,207,127,252.0,driving
161.006,111,31,204,207,73,251,245,79,128,251.0,driving
161.20399999999998,111,31,188,207,201,2,254,47,128,249.0,driving
161.40215,111,33,212,207,201,3,6,16,128,1.0,idle
161.6,111,27,196,175,201,253,245,15,128,250.0,driving
161.79795,111,31,204,239,201,1,238,239,127,252.0,driving
161.99595,111,33,204,175,201,251,253,79,128,250.0,driving
162.19395,111,29,172,175,73,255,245,47,128,4.0,idle
162.3922,111,27,204,175,201,253,17,80,128,2.0,idle
162.58995,111,27,172,207,73,255,13,16,128,2.0,idle
162.78799999999998,111,29,188,239,73,252,237,79,128,3.0,idle
162.986,111,33,212,207,73,254,233,79,128,2.0,idle
163.184,111,33,188,175,73,1,250,47,128,253.0,driving
163.38215,111,35,212,207,201,252,21,80,128,251.0,driving
163.57999999999998,111,31,188,239,201,6,14,240,127,246.0,driving
163.778,111,29,188,239,201,255,237,47,128,249.0,driving
163.976,111,33,204,143,201,1,230,15,128,254.0,driving
164.174,111,29,188,175,73,254,249,15,128,253.0,driving
164.3722,111,29,204,207,73,249,9,112,128,5.0,idle
164.57,111,25,172,207,73,0,14,16,128,249.0,driving
164.76794999999998,111,25,204,207,201,253,233,47,128,253.0,driving
164.96599999999998,111,29,172,47,202,3,222,15,128,250.0,driving
165.164,111,37,212,47,202,4,242,207,127,1.0,idle
165.3621,111,39,204,143,73,252,13,112,128,248.0,driving
165.56,111,29,180,207,201,5,10,240,127,247.0,driving
165.75799999999998,111,27,196,175,73,253,241,47,128,248.0,driving
165.956,111,31,180,207,73,3,254,47,128,250.0,driving
166.154,111,31,220,111,201,1,2,48,128,2.0,idle
166.35209999999998,111,31,188,111,73,251,13,80,128,250.0,driving
166.54999999999998,111,27,164,175,73,255,253,15,128,4.0,idle
166.748,111,27,204,207,73,252,233,79,128,3.0,idle
166.946,111,31,180,207,201,255,245,79,128,3.0,idle
167.144,111,33,204,239,73,3,2,48,128,252.0,driving
167.34369999999998,111,29,188,143,73,252,17,48,128,249.0,driving
167.54,111,29,188,207,73,2,254,207,127,250.0,driving
167.7395,111,31,204,175,201,254,241,47,128,252.0,driving
167.93744999999998,111,29,180,15,74,3,234,47,128,251.0,driving
168.13559999999998,111,33,220,207,201,2,254,239,127,1.0,idle
168.3336,111,33,212,79,73,4,22,48,128,2.0,idle
168.5315,111,29,188,207,201,255,241,47,128,251.0,driving
168.72945,111,27,204,175,201,253,229,47,128,2.0,idle
168.92749999999998,111,33,188,239,73,1,238,239,127,252.0,driving
169.1256,111,35,204,239,201,253,253,79,128,252.0,driving
169.32365,111,33,188,175,201,3,26,48,128,250.0,driving
169.5215,111,29,180,175,201,1,254,47,128,2.0,idle
169.71949999999998,111,27,196,175,201,251,233,47,128,250.0,driving
169.9175,111,29,180,175,73,253,241,47,128,2.0,idle
170.11565,111,31,212,175,73,251,13,80,128,2.0,idle
170.31365,111,29,180,143,73,2,22,48,128,249.0,driving
170.51145,111,29,188,239,73,255,245,15,128,253.0,driving
170.7095,111,31,204,175,73,253,225,47,128,2.0,idle
170.90744999999998,111,33,204,239,201,2,254,15,128,251.0,driving
171.10559999999998,111,35,204,143,201,254,9,48,128,252.0,driving
171.3037,111,31,172,239,73,4,22,240,127,250.0,driving
171.5015,111,25,196,143,73,255,245,47,128,251.0,driving
171.6995,111,29,188,143,201,253,225,47,128,2.0,idle
171.89749999999998,111,33,212,15,74,1,246,239,127,252.0,driving
172.0956,111,35,204,207,201,255,9,80,128,254.0,driving
172.2937,111,27,164,143,73,1,22,48,128,254.0,driving
172.4915,111,25,196,143,73,253,249,79,128,252.0,driving
172.68949999999998,111,27,180,207,201,251,229,47,128,2.0,idle
172.8875,111,33,196,15,74,1,246,15,128,250.0,driving
173.08565,111,35,204,143,201,255,13,80,128,254.0,driving
173.28369999999998,111,33,180,239,201,7,22,240,127,248.0,driving
173.48149999999998,111,27,212,143,201,255,245,47,128,248.0,driving
173.6795,111,29,196,239,73,255,229,15,128,0.0,idle
173.8775,111,31,204,207,201,255,241,15,128,0.0,idle
174.07559999999998,111,35,204,111,201,252,21,80,128,3.0,idle
174.27374999999998,111,27,172,143,73,2,14,16,128,250.0,driving
174.4715,111,25,204,111,201,251,237,79,128,249.0,driving
174.66805,111,29,172,207,73,0,242,239,127,251.0,driving
174.86605,111,33,196,239,73,254,249,47,128,254.0,driving
175.06404999999998,111,35,204,143,73,4,10,48,128,250.0,driving
175.26219999999998,111,29,180,175,201,2,2,48,128,2.0,idle
175.45999999999998,111,29,212,175,73,255,237,15,128,253.0,driving
175.658,111,29,188,239,201,0,242,239,127,255.0,driving
175.856,111,31,196,239,201,250,245,79,128,250.0,driving
176.05464999999998,111,33,196,143,201,255,13,80,128,5.0,idle
176.25225,111,25,164,175,73,255,5,80,128,0.0,idle
176.45065,111,27,212,175,73,250,233,47,128,5.0,idle
176.6495,111,31,196,239,201,255,237,15,128,5.0,idle
176.8475,111,37,212,239,73,254,253,79,128,1.0,idle
177.04559999999998,111,31,196,143,73,5,14,48,128,249.0,driving
177.2422,111,29,204,175,73,1,254,47,128,4.0,idle
177.44005,111,29,180,239,201,255,229,15,128,254.0,driving
177.63805,111,31,196,239,201,255,237,15,128,0.0,idle
177.83605,111,33,204,175,73,253,1,80,128,2.0,idle
178.03404999999998,111,31,180,143,201,3,18,48,128,250.0,driving
178.2322,111,31,212,143,73,255,245,79,128,252.0,driving
178.42999999999998,111,29,172,175,73,251,253,47,128,4.0,idle
178.628,111,31,188,239,73,0,238,239,127,251.0,driving
178.826,111,35,204,175,201,253,5,80,128,253.0,driving
179.02405,111,29,180,143,201,3,18,48,128,250.0,driving
179.22215,111,29,196,143,73,255,237,47,128,252.0,driving
179.42005,111,29,180,239,73,0,230,47,128,255.0,driving
179.61804999999998,111,31,196,239,201,0,242,15,128,0.0,idle
179.81605,111,35,204,79,201,249,17,80,128,249.0,driving
180.01405,111,29,172,143,201,0,14,48,128,249.0,driving
180.2122,111,25,204,175,201,254,253,47,128,254.0,driving
180.41005,111,25,180,175,201,250,229,47,128,4.0,idle
180.60805,111,31,204,15,74,2,250,15,128,248.0,driving
180.80605,111,33,196,175,201,0,254,79,128,2.0,idle
181.00405,111,31,188,207,201,0,254,79,128,0.0,idle
181.2022,111,29,212,207,73,252,1,48,128,252.0,driving
181.40005,111,29,188,239,201,1,246,239,127,251.0,driving
181.59805,111,35,220,207,201,255,253,47,128,254.0,driving
181.79605,111,35,204,143,73,2,2,80,128,253.0,driving
181.99405,111,27,172,111,201,255,5,80,128,253.0,driving
182.19225,111,27,204,207,73,252,245,47,128,3.0,idle
182.39005,111,25,172,239,201,253,237,239,127,1.0,idle
182.58805,111,33,204,239,73,251,253,79,128,2.0,idle
182.78605,111,35,180,207,201,3,254,79,128,248.0,driving
182.98405,111,27,172,175,201,4,6,16,128,1.0,idle
183.1822,111,31,212,207,201,254,249,47,128,250.0,driving
183.38005,111,29,196,15,202,3,242,207,127,251.0,driving
183.57805,111,35,220,143,73,253,1,48,128,250.0,driving
183.77605,111,31,188,143,73,2,14,48,128,251.0,driving
183.97405,111,27,212,143,201,253,249,47,128,251.0,driving
184.1723,111,29,180,239,201,253,233,47,128,0.0,idle
184.37005,111,33,204,47,74,2,238,239,127,251.0,driving
184.56805,111,35,212,175,201,253,17,80,128,251.0,driving
184.76605,111,31,180,175,201,4,18,16,128,249.0,driving
184.96405,111,27,204,175,73,0,250,15,128,4.0,idle
185.16215,111,27,188,207,201,254,229,15,128,254.0,driving
185.36005,111,29,196,239,201,253,241,15,128,1.0,idle
185.55805,111,33,204,111,201,250,17,80,128,3.0,idle
185.75605,111,27,180,143,201,0,14,16,128,250.0,driving
185.95405,111,27,212,207,73,255,229,15,128,255.0,driving
186.1523,111,29,188,15,74,1,230,47,128,254.0,driving
186.35005,111,35,212,239,201,2,242,15,128,1.0,idle
186.54805,111,37,196,175,201,252,17,80,128,250.0,driving
186.74605,111,29,180,111,73,5,22,48,128,247.0,driving
186.94405,111,31,212,175,201,0,242,47,128,5.0,idle
187.14215,111,29,196,239,201,2,242,207,127,2.0,idle
187.34155,111,33,204,175,201,253,253,47,128,251.0,driving
187.53955,111,31,196,175,73,2,10,48,128,251.0,driving
187.73755,111,27,164,239,201,253,253,47,128,251.0,driving
187.93555,111,29,212,175,201,253,225,47,128,0.0,idle
188.13385,111,29,188,47,74,0,234,239,127,253.0,driving
188.33155,111,37,212,15,202,251,249,111,128,251.0,driving
188.52955,111,35,196,143,73,3,10,48,128,248.0,driving
188.72755,111,29,188,175,201,2,254,47,128,1.0,idle
188.92555,111,31,220,239,73,254,233,15,128,252.0,driving
189.1238,111,31,180,207,73,2,238,239,127,252.0,driving
189.32155,111,31,196,207,73,252,5,80,128,250.0,driving
189.51955,111,29,188,175,201,1,34,48,128,251.0,driving
189.71755,111,29,212,207,201,255,241,47,128,254.0,driving
189.91555,111,27,172,239,73,252,233,47,128,3.0,idle
190.11385,111,33,204,15,202,0,238,15,128,252.0,driving
190.31155,111,33,212,143,73,254,13,80,128,254.0,driving
190.50955,111,31,188,175,201,2,6,240,127,252.0,driving
190.70755,111,29,220,143,201,255,245,47,128,253.0,driving
190.90555,111,27,180,207,73,255,233,47,128,0.0,idle
191.1038,111,31,196,239,73,254,241,47,128,1.0,idle
191.30155,111,31,196,111,201,250,17,80,128,4.0,idle
191.49955,111,27,188,143,201,1,22,16,128,249.0,driving
191.69755,111,27,204,143,201,252,237,79,128,251.0,driving
191.89555,111,25,164,15,202,252,225,15,128,0.0,idle
192.09385,111,33,212,239,201,1,242,239,127,251.0,driving
192.29155,111,35,220,175,73,0,18,48,128,1.0,idle
192.48955,111,27,180,143,201,0,2,16,128,0.0,idle
192.68755,111,29,204,143,73,252,249,47,128,252.0,driving
192.88555,111,29,180,207,73,0,246,47,128,252.0,driving
193.08385,111,31,220,207,73,0,254,47,128,0.0,idle
193.2807,111,31,196,143,201,3,18,48,128,3.0,idle
193.47955,111,25,172,143,73,253,1,80,128,250.0,driving
193.67755,111,29,212,207,73,249,237,47,128,4.0,idle
193.87555,111,31,180,207,201,255,245,15,128,6.0,idle
194.07395,111,29,212,143,201,253,9,48,128,2.0,idle
194.2716,111,29,188,239,73,3,6,240,127,250.0,driving
194.46955,111,33,204,15,74,255,241,47,128,252.0,driving
194.66755,111,35,220,175,73,1,230,79,128,254.0,driving
194.86555,111,31,180,143,73,2,246,15,128,1.0,idle
195.0638,111,27,212,143,73,253,13,80,128,251.0,driving
195.26155,111,27,180,239,201,253,253,15,128,0.0,idle
195.45955,111,29,188,15,202,249,237,79,128,4.0,idle
195.65755,111,33,204,175,73,254,241,79,128,5.0,idle
195.8541,111,33,204,239,201,1,254,47,128,253.0,driving
196.05235,111,33,188,143,201,254,13,48,128,253.0,driving
196.2501,111,29,188,143,73,4,6,240,127,250.0,driving
196.4481,111,29,212,175,201,253,241,47,128,249.0,driving
196.6461,111,31,188,207,201,2,254,47,128,251.0,driving
196.8441,111,33,212,175,201,0,254,47,128,2.0,idle
197.0422,111,29,188,143,201,251,13,48,128,251.0,driving
197.2401,111,25,164,175,201,254,249,15,128,3.0,idle
197.4381,111,29,204,143,73,248,237,111,128,6.0,idle
197.6361,111,27,172,207,201,0,254,79,128,248.0,driving
197.8341,111,31,204,175,201,2,2,48,128,2.0,idle
198.0323,111,29,196,207,201,254,9,16,128,252.0,driving
198.2301,111,31,196,15,74,5,250,175,127,249.0,driving
198.4281,111,33,220,175,201,254,253,47,128,249.0,driving
198.6261,111,31,188,175,73,3,2,48,128,251.0,driving
198.8241,111,29,220,143,201,0,6,48,128,3.0,idle
199.0222,111,27,180,175,201,249,237,47,128,249.0,driving
199.2201,111,29,188,239,73,254,237,239,127,5.0,idle
199.4181,111,35,212,207,201,253,253,79,128,1.0,idle
199.6161,111,33,180,175,73,3,250,15,128,250.0,driving
199.8141,111,29,212,175,201,254,13,48,128,251.0,driving
200.01235,111,27,188,143,73,2,14,16,128,252.0,driving
200.2101,111,33,196,47,74,255,241,47,128,253.0,driving
200.4081,111,33,212,207,73,0,234,47,128,255.0,driving
200.6061,111,29,172,111,201,2,2,48,128,2.0,idle
200.8041,111,25,212,143,73,251,253,47,128,249.0,driving
201.0023,111,29,188,239,73,255,245,239,127,4.0,idle
201.2001,111,31,196,79,74,248,237,111,128,7.0,idle
201.3981,111,37,204,175,73,1,242,79,128,247.0,driving
201.5961,111,33,188,143,201,3,254,15,128,2.0,idle
201.7941,111,31,228,175,73,254,253,47,128,251.0,driving
201.9923,111,27,172,175,201,0,2,240,127,254.0,driving
202.1901,111,31,212,207,73,255,245,15,128,255.0,driving
202.3881,111,31,188,175,73,2,10,48,128,253.0,driving
202.5861,111,29,204,175,201,255,1,48,128,253.0,driving
202.7841,111,27,180,175,201,250,245,47,128,5.0,idle
202.9823,111,29,180,15,202,255,241,239,127,5.0,idle
203.1801,111,35,212,175,73,0,6,48,128,255.0,driving
203.3781,111,33,180,175,201,3,18,48,128,3.0,idle
203.5761,111,29,212,111,201,1,254,47,128,2.0,idle
203.7741,111,27,188,143,73,252,237,47,128,251.0,driving
203.97235,111,31,204,15,202,1,242,207,127,251.0,driving
204.1701,111,35,212,143,73,254,9,80,128,253.0,driving
204.3681,111,29,188,111,201,3,14,48,128,251.0,driving
204.56615,111,25,212,111,201,252,249,79,128,249.0,driving
204.76415,111,27,188,207,73,252,229,47,128,0.0,idle
204.96235,111,33,204,15,74,2,2,16,128,250.0,driving
205.16015,111,35,204,143,201,255,9,80,128,253.0,driving
205.3581,111,29,196,111,201,3,18,16,128,252.0,driving
205.5561,111,29,212,175,201,0,246,15,128,3.0,idle
205.7541,111,27,188,239,201,253,241,15,128,253.0,driving
205.95225,111,33,204,239,201,251,1,80,128,2.0,idle
206.1501,111,35,196,143,73,4,10,48,128,247.0,driving
206.3481,111,29,172,143,73,0,2,48,128,4.0,idle
206.5461,111,25,196,175,73,252,253,47,128,252.0,driving
206.74415,111,29,180,239,201,254,241,239,127,2.0,idle
206.94225,111,35,204,207,201,0,254,47,128,254.0,driving
207.1417,111,31,204,175,201,4,14,16,128,4.0,idle
207.3396,111,31,188,239,73,254,241,79,128,250.0,driving
207.5376,111,33,220,175,201,253,229,47,128,1.0,idle
207.7356,111,31,180,175,73,1,242,15,128,252.0,driving
207.9338,111,31,212,175,73,252,17,48,128,251.0,driving
208.13175,111,27,188,111,73,3,26,16,128,249.0,driving
208.3296,111,25,204,143,201,253,241,79,128,250.0,driving
208.5276,111,25,172,207,201,250,229,79,128,3.0,idle
208.7256,111,31,204,239,201,0,246,15,128,250.0,driving
208.92375,111,35,188,175,201,252,13,80,128,252.0,driving
209.12175,111,29,172,175,201,3,14,16,128,249.0,driving
209.3196,111,27,220,111,201,255,245,47,128,252.0,driving
209.5176,111,25,172,239,201,254,233,15,128,1.0,idle
209.71565,111,31,204,239,73,2,246,239,127,252.0,driving
209.91385,111,33,204,143,73,253,5,48,128,251.0,driving
210.11175,111,29,180,15,74,0,250,239,127,253.0,driving
210.3096,111,31,212,207,73,254,245,79,128,254.0,driving
210.50765,111,33,180,207,73,2,10,80,128,252.0,driving
210.70565,111,31,212,175,73,5,2,16,128,3.0,idle
210.9038,111,31,188,143,201,252,245,47,128,247.0,driving
211.10175,111,29,180,239,201,0,250,207,127,252.0,driving
211.2996,111,31,212,143,201,251,253,79,128,251.0,driving
211.4976,111,29,180,143,201,1,14,80,128,250.0,driving
211.6956,111,27,204,143,73,253,249,47,128,252.0,driving
211.89375,111,27,180,15,202,254,249,15,128,1.0,idle
212.09175,111,33,204,15,74,251,245,79,128,3.0,idle
212.2896,111,33,212,175,73,2,2,80,128,249.0,driving
212.4876,111,29,172,207,201,0,2,48,128,2.0,idle
212.6856,111,29,212,175,201,252,249,47,128,252.0,driving
212.8838,111,29,188,239,201,255,245,239,127,3.0,idle
213.08175,111,33,212,207,201,251,253,79,128,4.0,idle
213.27965,111,33,196,143,201,2,2,48,128,249.0,driving
213.47765,111,27,156,143,73,255,1,48,128,253.0,driving
213.67565,111,25,196,175,201,252,253,47,128,3.0,idle
213.8738,111,31,188,239,73,255,241,15,128,3.0,idle
214.07175,111,35,212,175,73,255,5,80,128,0.0,idle
214.2696,111,29,196,143,201,5,14,16,128,250.0,driving
214.46615,111,27,196,143,201,254,249,47,128,249.0,driving
214.66415,111,29,196,175,73,253,229,47,128,1.0,idle
214.8624,111,29,196,207,201,254,241,15,128,1.0,idle
215.06015,111,33,196,143,201,251,9,80,128,3.0,idle
215.25815,111,27,180,143,73,255,17,16,128,4.0,idle
215.45615,111,27,204,175,201,253,237,47,128,2.0,idle
215.65415,111,29,180,15,74,0,234,47,128,253.0,driving
215.85225,111,35,212,239,73,3,254,15,128,3.0,idle
216.05015,111,35,188,143,73,253,5,80,128,250.0,driving
216.24815,111,29,188,175,73,2,14,16,128,251.0,driving
216.44615,111,27,204,175,201,254,245,47,128,252.0,driving
216.64415,111,29,180,207,73,255,245,79,128,1.0,idle
216.8423,111,29,212,143,73,255,1,48,128,0.0,idle
217.04015,111,31,196,207,201,252,1,48,128,3.0,idle
217.23815,111,27,172,239,73,0,246,239,127,252.0,driving
217.43615,111,33,204,239,73,255,237,47,128,255.0,driving
217.63415,111,33,188,239,73,5,246,47,128,250.0,driving
217.8323,111,35,220,207,73,4,2,16,128,1.0,idle
218.03015,111,29,196,143,201,251,1,48,128,247.0,driving
218.22815,111,27,188,143,73,0,246,15,128,251.0,driving
218.4262,111,33,212,143,73,0,238,15,128,0.0,idle
218.6242,111,31,188,175,73,0,250,47,128,0.0,idle
218.82235,111,29,212,143,73,251,13,80,128,251.0,driving
219.02015,111,25,180,175,73,1,254,239,127,250.0,driving
219.21815,111,31,196,239,201,253,237,47,128,252.0,driving
219.41615,111,35,204,175,73,1,246,47,128,252.0,driving
219.61415,111,33,188,143,201,4,6,16,128,3.0,idle
219.8124,111,29,212,143,201,255,5,16,128,251.0,driving
220.01015,111,29,188,239,201,3,250,207,127,252.0,driving
220.20815,111,31,204,239,73,254,249,47,128,251.0,driving
220.40615,111,35,212,143,201,1,2,80,128,253.0,driving
220.60415,111,27,204,143,73,0,2,80,128,1.0,idle
220.8023,111,27,180,175,73,250,233,47,128,250.0,driving
221.0002,111,29,180,15,74,254,241,15,128,4.0,idle
221.1982,111,33,212,143,201,252,9,80,128,2.0,idle
221.3962,111,31,180,207,73,5,26,48,128,247.0,driving
221.5942,111,29,204,175,73,2,250,47,128,3.0,idle
221.79235,111,31,196,239,73,255,229,15,128,253.0,driving
221.99015,111,31,196,207,73,255,245,47,128,0.0,idle
222.18815,111,33,196,111,201,251,5,80,128,4.0,idle
222.38615,111,29,164,207,73,255,249,15,128,4.0,idle
222.58415,111,29,204,175,201,253,237,47,128,2.0,idle
222.78235,111,31,188,239,201,1,238,47,128,252.0,driving
222.9802,111,35,228,239,73,4,2,16,128,3.0,idle
223.1782,111,33,196,207,201,252,1,48,128,248.0,driving
223.3762,111,29,180,15,74,2,246,207,127,250.0,driving
223.5742,111,35,212,143,73,253,253,79,128,251.0,driving
223.77245,111,31,180,175,73,3,14,48,128,250.0,driving
223.9702,111,27,220,143,73,0,2,48,128,3.0,idle
224.1682,111,25,180,175,201,250,237,47,128,250.0,driving
224.3662,111,29,188,15,74,250,233,79,128,0.0,idle
224.5642,111,35,204,175,201,255,253,79,128,5.0,idle
224.76235,111,29,180,175,201,2,2,48,128,253.0,driving
224.96015,111,29,220,143,73,253,245,47,128,251.0,driving
225.15815,111,29,180,47,202,254,245,15,128,1.0,idle
225.3562,111,35,212,239,73,254,249,47,128,0.0,idle
225.5542,111,35,204,143,73,2,6,80,128,252.0,driving
225.7523,111,27,180,175,73,255,249,47,128,253.0,driving
225.9502,111,29,212,175,201,250,229,47,128,5.0,idle
226.1482,111,29,164,239,201,254,233,15,128,4.0,idle
226.3462,111,33,204,207,201,250,9,80,128,4.0,idle
226.5442,111,31,196,143,201,4,18,48,128,246.0,driving
226.7423,111,29,188,239,73,0,250,47,128,4.0,idle
226.9417,111,29,188,239,73,0,230,47,128,0.0,idle
227.1398,111,33,196,175,201,253,237,47,128,253.0,driving
227.3377,111,33,196,143,73,250,21,112,128,3.0,idle
227.5357,111,27,164,175,73,3,10,16,128,247.0,driving
227.7339,111,25,212,143,201,252,241,79,128,249.0,driving
227.93165,111,27,180,15,202,254,241,47,128,2.0,idle
228.1298,111,31,212,143,73,1,2,16,128,253.0,driving
228.32765,111,29,196,15,74,252,237,47,128,251.0,driving
228.52565,111,33,204,239,201,2,242,15,128,250.0,driving
228.7239,111,35,196,143,201,252,21,48,128,250.0,driving
228.92165,111,29,188,111,73,5,30,16,128,247.0,driving
229.1198,111,27,220,175,73,255,1,48,128,250.0,driving
229.3177,111,25,172,207,73,252,233,47,128,3.0,idle
229.5157,111,33,204,239,73,3,2,16,128,249.0,driving
229.7139,111,31,196,143,73,253,1,48,128,250.0,driving
229.9117,111,29,196,239,73,1,250,239,127,252.0,driving
230.1098,111,39,204,111,201,224,33,112,115,223.0,driving
230.3077,111,29,180,143,201,250,205,239,126,26.0,driving
230.5057,111,35,172,15,74,254,189,15,128,4.0,idle
230.7038,111,37,156,239,73,254,229,79,127,0.0,idle
230.90165,111,33,148,207,73,0,242,15,128,254.0,driving
231.0998,111,37,188,207,73,1,246,207,127,1.0,idle
231.2977,111,33,156,175,201,253,5,16,128,252.0,driving
231.4957,111,29,156,111,201,255,249,239,127,2.0,idle
231.6939,111,33,164,143,201,0,242,143,127,255.0,driving
231.8917,111,35,188,175,201,254,245,15,128,254.0,driving
232.0898,111,35,180,143,73,255,5,16,128,1.0,idle
232.2877,111,31,156,143,73,253,249,47,128,2.0,idle
232.4857,111,33,172,175,201,0,242,239,127,253.0,driving
232.6838,111,35,172,175,201,1,250,15,128,1.0,idle
232.8817,111,35,172,175,73,254,5,48,128,253.0,driving
233.0782,111,33,156,175,73,255,9,16,128,1.0,idle
233.2762,111,31,156,143,73,0,246,47,128,255.0,driving
233.4742,111,33,164,143,73,1,250,15,128,1.0,idle
233.67255,111,35,180,143,201,254,249,47,128,253.0,driving
233.8702,111,35,164,143,201,253,253,15,128,1.0,idle
234.0682,111,35,156,207,73,255,249,15,128,2.0,idle
234.2662,111,33,172,143,73,255,249,79,128,0.0,idle
234.4642,111,35,164,175,73,0,2,16,128,255.0,driving
234.6623,111,33,172,143,201,254,253,47,128,254.0,driving
234.86025,111,33,156,143,201,255,245,15,128,1.0,idle
235.05825,111,35,172,239,73,2,242,15,128,253.0,driving
235.25625,111,35,180,175,73,0,254,47,128,2.0,idle
235.4542,111,35,172,143,73,254,13,16,128,254.0,driving
235.65235,111,31,164,111,201,253,249,47,128,1.0,idle
235.8502,111,35,156,175,201,1,238,15,128,252.0,driving
236.0482,111,37,180,207,201,255,1,48,128,254.0,driving
236.2462,111,35,164,175,201,254,1,48,128,1.0,idle
236.44485,111,33,164,175,201,253,9,16,128,1.0,idle
236.64375,111,31,164,111,201,255,245,47,128,2.0,idle
236.84025,111,35,172,143,201,0,242,47,128,255.0,driving
237.03825,111,35,172,143,201,253,9,48,128,253.0,driving
237.23625,111,33,148,175,201,253,5,16,128,0.0,idle
237.43425,111,37,164,239,201,255,241,47,128,2.0,idle
237.63245,111,37,172,207,73,2,234,15,128,253.0,driving
237.83025,111,35,172,175,201,255,1,48,128,253.0,driving
238.02825,111,33,164,111,201,254,1,240,127,1.0,idle
238.22625,111,33,148,175,201,255,253,15,128,1.0,idle
238.4242,111,37,180,239,73,255,241,47,128,0.0,idle
238.6224,111,35,180,175,73,255,5,16,128,0.0,idle
238.8202,111,33,148,175,73,253,253,47,128,2.0,idle
239.0182,111,33,172,175,73,2,234,207,127,251.0,driving
239.21625,111,37,172,207,201,0,246,47,128,2.0,idle
239.41425,111,37,172,175,73,255,13,16,128,255.0,driving
239.61245,111,33,172,143,73,254,17,16,128,1.0,idle
239.81025,111,31,164,111,73,255,245,47,128,1.0,idle
240.00825,111,33,164,207,201,1,234,239,127,254.0,driving
240.20625,111,37,188,207,201,254,253,47,128,253.0,driving
240.40425,111,35,164,143,73,254,1,16,128,0.0,idle
240.60235,111,35,156,175,73,0,238,15,128,254.0,driving
240.80025,111,35,172,207,73,0,246,47,128,0.0,idle
240.99825,111,35,172,207,201,1,254,239,127,1.0,idle
241.19625,111,37,188,175,73,253,9,48,128,252.0,driving
241.39425,111,33,156,143,73,255,253,15,128,2.0,idle
241.59245,111,33,164,239,201,0,242,239,127,255.0,driving
241.79025,111,35,180,143,201,254,1,48,128,254.0,driving
241.98825,111,33,156,143,201,254,9,16,128,0.0,idle
242.18625,111,29,164,143,73,255,237,47,128,1.0,idle
242.38425,111,37,172,175,201,0,246,15,128,255.0,driving
242.58235,111,37,180,175,201,254,5,80,128,254.0,driving
242.78025,111,33,164,143,201,254,5,48,128,0.0,idle
242.97825,111,29,164,143,201,254,253,15,128,0.0,idle
243.17625,111,33,172,111,201,255,249,239,127,1.0,idle
243.37425,111,35,172,143,201,0,234,15,128,255.0,driving
243.57255,111,35,172,111,73,252,13,48,128,252.0,driving
243.77025,111,33,156,175,73,0,246,15,128,252.0,driving
243.96825,111,39,188,207,73,255,245,47,128,255.0,driving
244.16625,111,33,164,175,201,254,17,48,128,1.0,idle
244.36425,111,29,164,175,73,255,253,47,128,1.0,idle
244.5624,111,33,172,143,73,0,246,15,128,255.0,driving
244.76025,111,35,172,143,201,2,238,111,128,2.0,idle
244.95825,111,37,188,143,201,254,253,47,128,252.0,driving
245.15625,111,33,156,143,201,253,17,16,128,1.0,idle
245.35425,111,35,188,239,73,0,242,15,128,253.0,driving
245.55235,111,35,156,143,73,11,246,207,124,11.0,driving
245.75025,111,37,220,79,202,5,6,48,128,6.0,idle
245.94825,111,17,228,15,201,5,150,239,111,0.0,idle
246.14625,111,55,148,79,200,51,197,10,130,46.0,driving
246.34425,111,151,44,110,70,165,52,183,168,114.0,driving
246.54245,111,65,84,110,65,169,17,77,145,4.0,idle
246.74175,111,63,220,237,189,224,29,206,141,55.0,driving
246.93975,111,51,204,237,190,12,170,175,131,212.0,driving
247.1379,111,47,220,141,61,254,101,15,129,242.0,driving
247.33575,111,49,188,77,62,253,141,175,127,1.0,idle
247.53395,111,51,188,205,190,6,22,176,129,247.0,driving
247.73175,111,45,188,109,62,2,230,47,128,4.0,idle
247.92975,111,53,148,45,63,30,38,144,131,28.0,driving
248.12785,111,35,100,110,63,34,99,112,94,4.0,idle
248.32575,111,73,28,174,67,188,118,240,101,154.0,driving
248.52395,111,113,132,78,72,70,242,210,117,118.0,driving
248.72175,111,71,172,142,72,200,185,242,151,130.0,driving
248.91975,111,47,140,142,197,202,185,237,128,2.0,idle
249.11785,111,25,204,110,72,242,37,172,132,40.0,driving
249.31575,111,45,116,174,70,248,225,207,135,6.0,idle
249.5139,111,33,140,14,70,237,225,144,131,11.0,driving
249.71175,111,37,116,78,199,5,30,48,131,232.0,driving
249.90975,111,47,100,46,199,254,185,239,123,249.0,driving
250.1079,111,41,100,110,71,250,5,240,126,4.0,idle
250.30575,111,41,116,14,71,1,246,207,129,249.0,driving
250.5039,111,41,108,206,198,244,249,239,126,243.0,driving
250.70175,111,43,84,14,199,1,242,175,127,243.0,driving
250.89975,111,43,116,14,71,2,18,48,128,1.0,idle
251.09785,111,41,92,238,70,251,209,239,127,249.0,driving
251.29575,111,43,92,78,199,9,62,48,129,242.0,driving
251.49385,111,39,108,206,198,247,217,47,127,238.0,driving
251.69175,111,43,100,238,70,253,5,208,127,6.0,idle
251.8883,111,43,108,14,199,251,245,175,127,2.0,idle
252.08625,111,45,124,46,199,0,6,176,127,251.0,driving
252.28425,111,41,100,238,198,4,62,112,128,4.0,idle
252.48254999999995,111,43,100,238,198,248,177,239,127,244.0,driving
252.68025,111,45,108,46,199,7,70,48,129,241.0,driving
252.87825,111,39,100,238,70,250,209,239,126,243.0,driving
253.0769,111,45,124,78,71,255,249,175,127,5.0,idle
253.2743,111,41,92,14,71,3,30,240,128,252.0,driving
253.47395,111,43,116,14,71,249,197,79,127,246.0,driving
253.67174999999995,111,45,100,78,71,4,34,240,127,245.0,driving
253.86975,111,39,100,206,198,251,229,47,128,247.0,driving
254.0679,111,47,108,46,199,4,18,48,129,247.0,driving
254.26575,111,39,92,46,71,2,66,16,127,2.0,idle
254.46395,111,45,116,78,71,251,245,175,127,249.0,driving
254.66175,111,43,100,206,198,9,46,48,129,242.0,driving
254.85975,111,45,108,238,198,248,145,15,128,239.0,driving
255.0579,111,47,116,46,199,3,46,16,129,245.0,driving
255.25575,111,43,100,238,70,252,21,176,127,249.0,driving
255.45235,111,47,108,46,199,6,66,176,127,246.0,driving
255.6503,111,41,100,142,198,248,173,175,128,242.0,driving
255.8483,111,45,116,46,199,7,54,48,129,241.0,driving
256.0463,111,41,92,206,70,247,197,175,127,240.0,driving
256.2443,111,41,84,206,70,0,10,240,127,247.0,driving
256.44245,111,49,116,110,199,3,26,240,127,3.0,idle
256.64029999999997,111,43,100,206,198,246,157,111,127,243.0,driving
256.8383,111,47,108,46,71,4,78,240,127,242.0,driving
257.0363,111,45,92,14,199,255,241,79,128,251.0,driving
257.23429999999996,111,45,92,14,71,0,230,79,128,255.0,driving
257.4325,111,45,84,238,198,253,5,176,126,253.0,driving
257.6303,111,43,84,238,198,254,253,15,128,1.0,idle
257.8283,111,49,116,46,71,255,21,80,128,1.0,idle
258.0263,111,47,116,238,70,250,193,15,128,5.0,idle
258.22429999999997,111,49,108,46,199,4,26,80,129,246.0,driving
258.4225,111,43,84,206,198,250,217,239,127,246.0,driving
258.6203,111,47,108,14,199,1,250,175,128,249.0,driving
258.81829999999997,111,45,92,238,70,4,254,175,128,3.0,idle
259.0163,111,45,100,14,199,254,17,112,127,250.0,driving
259.2143,111,47,76,238,198,3,14,80,128,251.0,driving
259.4124,111,45,100,174,70,249,225,143,127,246.0,driving
259.6103,111,51,116,14,71,1,10,208,127,248.0,driving
259.8083,111,47,92,206,198,250,253,143,127,249.0,driving
260.0063,111,51,108,46,199,249,213,175,127,1.0,idle
260.2043,111,47,92,14,199,8,82,176,128,241.0,driving
260.4025,111,47,92,174,70,252,213,111,128,244.0,driving
260.6003,111,49,92,238,198,3,26,176,128,249.0,driving
260.7983,111,43,76,110,198,249,193,79,128,246.0,driving
260.99629999999996,111,53,116,78,199,254,1,176,127,5.0,idle
261.1943,111,47,92,238,70,1,58,16,128,253.0,driving
261.3924,111,49,100,206,198,254,217,15,128,253.0,driving
261.5903,111,45,92,238,70,5,38,176,128,249.0,driving
261.7883,111,47,92,142,198,255,209,15,128,250.0,driving
261.98629999999997,111,51,100,46,71,3,66,240,127,252.0,driving
262.1843,111,43,92,174,198,253,225,239,127,250.0,driving
262.38265,111,51,108,238,70,8,46,48,129,245.0,driving
262.58029999999997,111,47,100,206,198,252,1,176,127,244.0,driving
262.7783,111,49,108,238,198,0,18,176,127,252.0,driving
262.9763,111,55,196,141,199,212,173,240,131,212.0,driving
263.17429999999996,111,41,108,238,61,200,112,237,155,12.0,driving
263.37245,111,23,164,141,62,158,221,44,144,42.0,driving
263.5703,111,7,220,13,61,147,201,203,127,11.0,driving
263.7683,111,7,172,77,60,11,26,48,132,136.0,driving
263.9663,111,253,195,109,188,5,14,80,129,6.0,idle
264.16429999999997,111,3,212,45,60,241,145,143,129,236.0,driving
264.36255,111,1,172,141,188,253,233,15,128,12.0,driving
264.5603,111,5,188,109,60,247,129,79,128,6.0,idle
264.75835,111,253,203,45,60,242,53,47,131,5.0,idle
264.95635,111,247,203,45,188,255,45,47,130,13.0,driving
265.15434999999997,111,251,171,13,60,11,46,112,128,244.0,driving
265.35245,111,249,179,109,188,17,98,144,124,6.0,idle
265.5503,111,1,180,109,188,6,34,48,128,11.0,driving
265.7483,111,251,179,173,60,253,233,175,127,247.0,driving
265.9463,111,255,195,205,188,252,29,176,125,1.0,idle
266.1443,111,253,171,205,188,7,82,208,127,245.0,driving
266.344,111,255,187,205,60,248,29,144,127,241.0,driving
266.5403,111,3,196,205,188,1,30,112,128,247.0,driving
266.7398,111,251,171,173,188,249,29,144,126,248.0,driving
266.9378,111,5,188,173,188,1,250,15,127,248.0,driving
267.13595,111,253,179,173,60,2,234,239,128,1.0,idle
267.334,111,3,196,109,60,245,221,207,127,243.0,driving
267.5318,111,1,196,141,188,6,38,112,128,239.0,driving
267.7298,111,251,195,141,188,252,249,143,127,246.0,driving
267.9278,111,1,196,141,188,5,18,80,128,247.0,driving
268.12595,111,253,171,173,188,255,9,176,127,250.0,driving
268.324,111,5,164,205,60,7,22,240,127,248.0,driving
268.5218,111,1,172,173,188,246,233,239,126,239.0,driving
268.71979999999996,111,255,187,173,60,252,217,111,128,6.0,idle
268.9178,111,5,188,173,60,249,205,111,127,3.0,idle
269.11595,111,255,187,109,188,255,245,175,127,6.0,idle
269.31395,111,5,196,141,60,7,46,240,128,248.0,driving
269.5118,111,1,172,141,60,251,9,144,127,244.0,driving
269.7098,111,3,196,141,188,4,238,143,129,247.0,driving
269.9078,111,1,172,205,188,251,253,207,127,247.0,driving
270.10595,111,255,187,141,188,253,217,207,128,2.0,idle
270.304,111,3,204,77,60,230,113,79,128,23.0,driving
270.50185,111,5,180,205,188,247,217,15,128,17.0,driving
270.69984999999997,111,1,180,109,188,3,250,111,129,244.0,driving
270.89785,111,255,187,77,188,248,177,143,128,245.0,driving
271.09594999999996,111,1,204,77,188,225,189,142,130,23.0,driving
271.29404999999997,111,247,203,13,188,240,85,15,129,15.0,driving
271.4918,111,251,219,13,60,254,1,48,128,14.0,driving
271.6898,111,247,203,237,59,252,217,79,128,2.0,idle
271.88779999999997,111,251,227,237,59,32,98,80,128,220.0,driving
272.08594999999997,111,253,147,109,190,254,13,79,133,222.0,driving
272.284,111,241,147,141,187,77,133,201,140,177.0,driving
272.48185,111,213,27,142,187,36,210,76,135,41.0,driving
272.6798,111,201,235,173,189,35,254,141,121,1.0,idle
272.8778,111,221,99,141,60,209,205,208,124,174.0,driving
273.07595,111,217,203,141,189,237,217,111,128,28.0,driving
273.274,111,225,203,237,59,90,150,110,148,147.0,driving
273.47184999999996,111,181,219,77,190,122,138,239,125,32.0,driving
273.66985,111,191,123,13,63,5,226,79,129,117.0,driving
273.86785,111,189,171,141,189,212,125,45,134,207.0,driving
274.06595,111,185,227,205,63,245,241,174,125,33.0,driving
274.26255,111,189,219,45,191,0,238,175,127,245.0,driving
274.46035,111,199,171,173,63,245,33,112,123,245.0,driving
274.65835,111,209,147,109,63,254,9,79,117,9.0,idle
274.85634999999996,111,203,227,141,64,246,217,112,129,8.0,idle
275.05435,111,207,139,77,190,3,194,206,131,243.0,driving
275.25245,111,207,163,141,190,0,62,143,132,3.0,idle
275.45035,111,197,155,237,190,244,133,48,129,244.0,driving
275.64835,111,199,203,109,190,252,189,175,129,8.0,idle
275.84635,111,197,179,237,62,7,38,80,126,245.0,driving
276.04435,111,189,211,237,190,5,18,48,130,2.0,idle
276.2425,111,195,195,13,191,252,17,208,128,247.0,driving
276.441,111,189,219,205,62,5,58,176,127,247.0,driving
276.639,111,197,211,173,62,1,254,207,128,4.0,idle
276.83635,111,195,187,173,62,251,25,16,129,250.0,driving
277.03434999999996,111,195,219,173,62,255,21,240,126,4.0,idle
277.23255,111,191,187,237,190,250,249,111,128,5.0,idle
277.43035,111,197,211,237,62,253,233,15,128,3.0,idle
277.62835,111,193,195,45,191,255,213,47,128,2.0,idle
277.82635,111,197,187,141,62,254,1,112,129,1.0,idle
278.02434999999997,111,197,203,173,190,2,14,208,127,252.0,driving
278.22249999999997,111,195,179,13,191,255,29,80,128,253.0,driving
278.42035,111,195,203,141,190,3,234,111,128,252.0,driving
278.6184,111,191,171,13,63,254,25,240,127,251.0,driving
278.8164,111,195,211,205,190,253,253,79,128,1.0,idle
279.01435,111,193,187,237,62,0,246,47,128,253.0,driving
279.2125,111,195,203,173,62,253,1,176,129,253.0,driving
279.41035,111,199,179,141,62,6,206,175,128,247.0,driving
279.60835,111,191,211,205,62,254,245,111,128,248.0,driving
279.80635,111,195,211,141,62,3,246,15,128,251.0,driving
280.00435,111,191,195,237,190,249,241,47,128,246.0,driving
280.2025,111,195,195,237,62,251,241,175,128,2.0,idle
280.40035,111,195,187,205,190,252,5,208,127,1.0,idle
280.59835,111,195,195,173,190,253,9,208,128,1.0,idle
280.79634999999996,111,193,203,173,62,0,250,239,127,253.0,driving
280.9944,111,191,211,173,62,253,241,79,128,253.0,driving
281.19259999999997,111,195,195,173,62,0,6,48,128,253.0,driving
281.3904,111,191,187,237,190,254,45,112,127,254.0,driving
281.5884,111,195,195,173,62,252,253,207,128,2.0,idle
281.7864,111,193,203,205,62,253,249,79,128,1.0,idle
281.9844,111,193,187,205,62,254,1,112,128,1.0,idle
282.18255,111,195,219,173,62,1,206,175,127,253.0,driving
282.38034999999996,111,193,195,45,191,254,1,16,128,253.0,driving
282.57835,111,195,211,205,190,3,234,207,127,251.0,driving
282.77635,111,197,195,13,191,5,254,79,128,2.0,idle
282.97435,111,193,203,109,62,4,242,111,127,1.0,idle
283.1725,111,193,171,205,62,1,6,144,127,3.0,idle
283.37039999999996,111,195,195,109,190,254,249,239,128,253.0,driving
283.5684,111,193,179,173,190,2,230,207,127,252.0,driving
283.7664,111,193,219,141,190,255,245,143,127,253.0,driving
283.9644,111,195,203,13,191,255,49,240,127,0.0,idle
284.1626,111,193,195,173,62,254,33,16,128,1.0,idle
284.36039999999997,111,195,203,77,190,3,254,143,127,251.0,driving
284.5584,111,193,179,205,190,2,238,79,127,1.0,idle
284.7564,111,195,203,173,190,8,214,143,127,6.0,idle
284.95439999999996,111,193,195,173,190,6,178,143,127,2.0,idle
285.15254999999996,111,195,187,205,190,252,5,208,128,246.0,driving
285.35035,111,195,211,237,62,253,9,240,127,1.0,idle
285.54834999999997,111,195,179,173,190,255,9,144,128,2.0,idle
285.7464,111,197,203,141,190,4,214,239,128,251.0,driving
285.9444,111,195,179,13,191,255,1,80,128,251.0,driving
286.14259999999996,111,197,203,205,62,254,229,47,128,1.0,idle
286.34184999999997,111,197,187,205,62,0,238,175,128,254.0,driving
286.53985,111,197,203,205,190,251,21,208,128,251.0,driving
286.73789999999997,111,195,203,237,190,1,250,239,127,250.0,driving
286.9359,111,191,219,237,62,3,218,143,128,2.0,idle
287.13419999999996,111,197,195,141,190,255,13,80,128,252.0,driving
287.33189999999996,111,195,195,237,62,253,9,208,128,2.0,idle
287.5299,111,199,203,173,62,2,230,207,127,251.0,driving
287.72785,111,197,187,237,190,0,2,208,127,2.0,idle
287.92584999999997,111,195,179,141,190,253,1,48,128,253.0,driving
288.12415,111,197,203,141,190,253,241,15,128,0.0,idle
288.32185,111,195,203,205,190,251,13,176,128,2.0,idle
288.51984999999996,111,195,203,141,190,254,17,176,127,3.0,idle
288.71785,111,195,179,237,62,3,2,176,127,251.0,driving
288.91585,111,197,195,109,190,0,246,47,128,3.0,idle
289.11415,111,195,195,237,190,250,41,176,127,250.0,driving
289.3119,111,199,179,45,62,0,22,176,127,250.0,driving
289.50989999999996,111,177,67,174,191,229,137,49,88,229.0,driving
289.7079,111,251,59,109,64,6,58,48,109,223.0,driving
289.9059,111,1,100,78,66,171,214,22,78,165.0,driving
290.10415,111,99,164,108,196,251,190,249,93,80.0,driving
290.3019,111,33,140,46,74,36,137,68,99,215.0,driving
290.49989999999997,111,15,60,15,204,37,18,142,80,1.0,idle
290.6979,111,57,92,143,73,0,162,143,116,37.0,driving
290.89585,111,35,148,175,73,253,21,48,128,253.0,driving
291.09425,111,35,140,111,201,3,22,240,127,250.0,driving
291.2919,111,33,140,111,201,0,222,15,128,3.0,idle
291.4899,111,37,148,175,73,2,10,208,127,2.0,idle
291.6879,111,37,164,47,201,253,5,48,128,251.0,driving
291.8859,111,33,132,79,73,251,225,239,127,2.0,idle
292.08414999999997,111,37,132,239,73,0,222,207,127,251.0,driving
292.2819,111,37,148,207,73,253,253,15,128,253.0,driving
292.4799,111,35,148,143,73,2,34,240,127,251.0,driving
292.67789999999997,111,33,140,111,73,255,229,15,128,253.0,driving
292.8744,111,37,148,143,73,0,238,15,128,255.0,driving
293.0725,111,33,156,79,201,255,29,240,127,255.0,driving
293.2704,111,33,132,143,201,0,234,207,127,255.0,driving
293.469,111,39,140,239,201,250,233,15,128,250.0,driving
293.667,111,39,156,175,201,255,253,239,127,5.0,idle
293.8659,111,35,148,111,73,2,18,16,128,253.0,driving
294.06419999999997,111,31,140,47,201,255,245,207,127,253.0,driving
294.26189999999997,111,37,148,175,73,0,218,239,127,255.0,driving
294.4599,111,39,164,175,73,253,13,16,128,253.0,driving
294.6579,111,33,140,79,73,4,26,208,127,249.0,driving
294.85589999999996,111,37,140,207,73,252,229,15,128,248.0,driving
295.0542,111,37,148,175,73,0,14,208,127,252.0,driving
295.2519,111,33,140,111,73,2,14,48,128,2.0,idle
295.44845,111,33,140,175,73,255,209,207,127,253.0,driving
295.64639999999997,111,41,156,207,73,2,230,15,128,253.0,driving
295.8444,111,39,148,175,73,252,33,48,128,250.0,driving
296.04265,111,35,148,79,73,251,29,240,127,1.0,idle
296.24039999999997,111,31,148,79,201,253,225,47,128,2.0,idle
296.4384,111,37,140,207,201,254,249,239,127,1.0,idle
296.6364,111,39,156,143,201,253,21,16,128,1.0,idle
296.83439999999996,111,33,140,111,73,3,230,239,127,250.0,driving
297.0326,111,39,148,239,201,255,229,239,127,252.0,driving
297.23044999999996,111,37,148,143,201,254,33,240,127,1.0,idle
297.42845,111,33,140,79,201,255,253,15,128,1.0,idle
297.62645,111,33,148,175,201,1,210,175,127,254.0,driving
297.82445,111,35,156,15,201,233,205,15,128,232.0,driving
298.0226,111,9,92,176,73,12,182,142,123,221.0,driving
298.22044999999997,111,67,4,47,74,151,253,237,125,139.0,driving
298.41845,111,163,116,78,199,235,64,76,199,84.0,driving
298.6164,111,67,36,206,66,49,189,164,243,186.0,driving
298.8144,111,185,235,238,61,176,13,203,120,127.0,driving
299.01255,111,181,3,46,190,195,197,77,128,19.0,driving
299.2104,111,149,219,237,188,222,149,238,128,27.0,driving
299.4084,111,199,19,238,189,15,70,48,119,207.0,driving
299.60645,111,203,203,205,61,8,182,210,128,7.0,idle
299.80445,111,185,123,174,187,222,185,15,158,214.0,driving
300.00264999999996,111,205,107,237,64,9,42,139,114,213.0,driving
300.20045,111,195,43,238,188,10,198,176,112,1.0,idle
300.39844999999997,111,193,139,205,191,143,242,143,132,133.0,driving
300.59645,111,181,11,206,65,22,166,49,135,121.0,driving
300.79445,111,195,243,45,64,251,89,112,125,229.0,driving
300.99255,111,193,171,109,62,247,125,18,121,4.0,idle
301.19045,111,193,243,237,61,157,253,141,125,90.0,driving
301.38845,111,189,227,205,189,221,109,239,128,64.0,driving
301.58645,111,189,227,13,62,249,217,207,127,28.0,driving
301.78445,111,187,227,109,62,253,145,207,129,4.0,idle
301.98255,111,183,227,77,190,254,241,175,129,1.0,idle
302.18045,111,183,227,45,190,0,178,111,128,254.0,driving
302.37845,111,181,227,173,190,254,21,48,128,254.0,driving
302.57644999999997,111,181,227,237,61,4,210,143,128,250.0,driving
302.77445,111,179,219,141,190,253,189,47,129,249.0,driving
302.97255,111,179,243,45,190,253,5,240,128,0.0,idle
303.17044999999996,111,179,219,141,190,248,229,47,128,5.0,idle
303.36845,111,181,243,173,62,255,25,16,129,7.0,idle
303.56645,111,179,235,45,190,6,238,79,127,249.0,driving
303.76445,111,179,227,205,62,251,1,48,129,245.0,driving
303.9627,111,179,235,13,190,0,14,80,128,251.0,driving
304.16044999999997,111,179,219,173,62,250,233,143,128,250.0,driving
304.35845,111,179,3,78,62,255,29,16,128,5.0,idle
304.55645,111,177,219,77,190,252,1,144,127,3.0,idle
304.75444999999996,111,179,243,77,62,1,2,240,128,251.0,driving
304.95265,111,179,227,109,190,1,226,79,127,0.0,idle
305.15045,111,179,219,173,62,252,9,16,129,251.0,driving
305.34845,111,179,251,45,62,253,241,175,127,1.0,idle
305.54645,111,179,219,173,190,252,245,175,129,1.0,idle
305.74445,111,179,3,110,62,0,2,16,127,252.0,driving
305.94264999999996,111,177,219,77,62,249,69,240,128,249.0,driving
306.14205,111,181,243,77,190,255,53,176,126,6.0,idle
306.33995,111,181,235,13,190,251,225,111,128,4.0,idle
306.53794999999997,111,179,227,109,62,1,38,112,128,250.0,driving
306.73595,111,179,243,45,62,251,253,239,127,250.0,driving
306.9341,111,179,227,109,190,254,5,208,128,3.0,idle
307.1321,111,179,211,45,190,240,41,48,127,14.0,driving
307.32995,111,179,227,77,190,247,5,112,129,7.0,idle
307.5279,111,181,251,109,190,2,10,176,127,245.0,driving
307.72595,111,179,235,77,190,251,245,111,128,249.0,driving
307.92415,111,179,243,237,61,0,34,80,128,251.0,driving
308.12205,111,179,219,77,190,0,206,47,128,0.0,idle
308.31995,111,179,11,110,190,1,46,80,128,1.0,idle
308.51795,111,179,227,13,190,254,37,16,127,253.0,driving
308.71594999999996,111,179,235,77,190,250,13,240,128,4.0,idle
308.91405,111,179,11,14,62,7,2,16,127,243.0,driving
309.11205,111,179,211,45,190,249,229,239,128,242.0,driving
309.30994999999996,111,179,251,237,189,5,10,240,127,244.0,driving
309.50795,111,181,219,77,62,254,229,207,127,249.0,driving
309.70595,111,181,251,45,190,248,61,176,124,6.0,idle
309.90425,111,185,27,110,62,240,145,144,113,8.0,idle
310.1021,111,205,211,141,189,252,85,48,126,12.0,driving
310.29994999999997,111,201,203,45,189,253,5,48,127,1.0,idle
310.49795,111,201,195,141,189,253,13,176,129,0.0,idle
310.69595,111,201,219,237,60,4,26,16,129,249.0,driving
310.894,111,199,211,141,189,254,253,143,128,250.0,driving
311.09205,111,199,219,77,61,2,14,176,128,252.0,driving
311.28995,111,197,203,77,61,1,250,15,128,1.0,idle
311.48795,111,199,235,77,189,4,34,112,128,3.0,idle
311.68595,111,195,211,13,61,254,241,111,128,250.0,driving
311.8841,111,197,203,141,189,2,22,144,128,252.0,driving
312.08209999999997,111,195,227,77,61,1,190,15,129,1.0,idle
312.27995,111,195,211,141,61,0,242,47,129,1.0,idle
312.47794999999996,111,193,243,77,189,251,5,144,127,251.0,driving
312.67595,111,195,219,109,189,0,234,207,128,251.0,driving
312.87399999999997,111,195,235,141,61,5,250,79,127,5.0,idle
313.0721,111,191,203,45,61,251,241,175,128,246.0,driving
313.26995,111,197,219,141,61,4,246,15,128,247.0,driving
313.46795,111,195,227,45,61,255,213,47,128,251.0,driving
313.66595,111,193,203,141,61,253,41,176,128,2.0,idle
313.8642,111,195,235,45,189,253,13,80,127,0.0,idle
314.0605,111,197,243,173,61,255,13,240,128,2.0,idle
314.25849999999997,111,193,227,45,189,2,42,240,126,253.0,driving
314.4565,111,193,203,141,189,250,25,208,128,248.0,driving
314.6545,111,193,243,45,61,6,242,239,127,244.0,driving
314.85265,111,195,211,141,61,253,221,79,128,247.0,driving
315.0505,111,193,227,173,61,251,229,16,128,2.0,idle
315.24845,111,195,211,109,61,255,5,241,128,4.0,idle
315.44644999999997,111,197,235,77,188,234,90,187,104,21.0,driving
315.6445,111,253,211,77,62,151,2,53,77,83.0,driving
315.8427,111,33,108,205,193,90,114,18,121,61.0,driving
316.0405,111,17,172,236,68,78,119,119,126,12.0,driving
316.2385,111,113,60,80,203,249,54,220,91,171.0,driving
316.43649999999997,111,21,236,111,194,184,194,17,102,65.0,driving
316.6345,111,35,44,208,73,120,201,237,128,64.0,driving
316.83265,111,49,4,16,201,233,125,143,127,113.0,driving
317.03049999999996,111,43,244,143,201,199,53,207,124,34.0,driving
317.2285,111,59,172,111,73,223,165,111,127,24.0,driving
317.4265,111,51,188,111,201,228,173,15,128,5.0,idle
317.6245,111,51,180,79,73,245,245,47,128,17.0,driving
317.82265,111,49,156,47,73,4,26,48,128,241.0,driving
318.02049999999997,111,51,172,175,73,0,10,48,128,4.0,idle
318.2185,111,29,28,176,72,133,246,82,132,133.0,driving
318.4165,111,35,244,239,201,246,33,240,127,113.0,driving
318.61449999999996,111,33,28,144,201,255,49,208,127,9.0,idle
318.8126,111,33,244,239,73,242,61,48,128,13.0,driving
319.0105,111,29,236,143,201,3,26,240,127,239.0,driving
319.20849999999996,111,33,12,240,201,4,58,240,126,1.0,idle
319.4065,111,35,252,207,73,1,2,208,123,3.0,idle
319.6045,111,31,12,80,73,5,238,47,126,4.0,idle
319.8028,111,29,28,176,73,0,14,208,127,5.0,idle
