timestamp,can_id,byte_4,byte_5,byte_7,byte_4_diff,driving_state
3.2017499999999997,111,29,6,131,,idle
3.4118999999999997,111,145,122,130,116.0,driving
3.69185,111,7,78,125,138.0,driving
3.99175,111,250,157,128,243.0,driving
4.1895999999999995,111,245,45,131,5.0,idle
4.38755,111,170,241,112,75.0,driving
4.58555,111,229,69,125,59.0,driving
4.78355,111,241,153,123,12.0,driving
4.9818,111,34,46,124,207.0,driving
5.17955,111,27,194,122,7.0,idle
5.377549999999999,111,45,162,149,18.0,driving
5.57555,111,24,186,131,21.0,driving
5.77355,111,229,105,120,205.0,driving
5.97175,111,11,154,117,218.0,driving
6.1696,111,239,241,127,228.0,driving
6.3675999999999995,111,30,78,124,209.0,driving
6.5656,111,9,46,120,21.0,driving
6.763599999999999,111,13,254,119,4.0,idle
6.9617,111,225,169,122,212.0,driving
7.159599999999999,111,241,173,130,16.0,driving
7.35755,111,180,109,134,61.0,driving
7.555549999999999,111,56,122,139,124.0,driving
7.75355,111,229,17,127,173.0,driving
7.9517,111,226,205,128,3.0,idle
8.14955,111,19,226,122,207.0,driving
8.34755,111,10,34,120,9.0,idle
8.54555,111,183,1,105,173.0,driving
8.743599999999999,111,87,86,94,96.0,driving
8.941849999999999,111,161,124,52,74.0,driving
9.14115,111,7,130,143,154.0,driving
9.33905,111,61,94,137,54.0,driving
9.53705,111,4,202,138,57.0,driving
9.7351,111,114,95,193,110.0,driving
9.93325,111,21,218,138,93.0,driving
10.1312,111,4,42,121,17.0,driving
10.32905,111,30,54,108,26.0,driving
10.52705,111,246,13,111,216.0,driving
10.72505,111,230,57,141,16.0,driving
10.92325,111,252,237,134,22.0,driving
11.1212,111,17,66,122,235.0,driving
11.31905,111,0,174,132,17.0,driving
11.51705,111,0,54,127,0.0,idle
11.71505,111,245,57,127,245.0,driving
11.9132,111,248,229,125,3.0,idle
12.1112,111,0,38,131,248.0,driving
12.30905,111,254,37,126,254.0,driving
12.50705,111,6,14,126,248.0,driving
12.70505,111,250,229,129,244.0,driving
12.9033,111,5,2,126,245.0,driving
13.1012,111,4,242,125,1.0,idle
13.29905,111,254,221,129,250.0,driving
13.49705,111,250,17,130,4.0,idle
13.69505,111,246,33,126,4.0,idle
13.8932,111,21,82,131,225.0,driving
14.0912,111,244,209,127,223.0,driving
14.28905,111,252,217,129,8.0,idle
14.48705,111,4,202,126,248.0,driving
14.68505,111,248,53,127,244.0,driving
14.88195,111,0,250,131,248.0,driving
15.0796,111,251,201,129,251.0,driving
15.2776,111,13,90,126,238.0,driving
15.4756,111,1,206,126,12.0,driving
15.6736,111,248,13,130,247.0,driving
15.87165,111,8,242,129,240.0,driving
16.069599999999998,111,11,66,124,3.0,idle
16.267599999999998,111,12,50,129,1.0,idle
16.4656,111,5,14,129,7.0,idle
16.6636,111,6,246,127,1.0,idle
16.8617,111,8,14,127,2.0,idle
17.0596,111,255,17,128,247.0,driving
17.2576,111,254,21,131,1.0,idle
17.4562,111,0,18,127,254.0,driving
17.65505,111,3,230,125,3.0,idle
17.853199999999998,111,250,5,131,247.0,driving
18.0512,111,254,1,129,4.0,idle
18.2491,111,3,18,125,251.0,driving
18.4456,111,1,30,129,2.0,idle
18.6436,111,252,21,123,251.0,driving
18.8418,111,1,2,124,251.0,driving
19.0396,111,250,245,129,249.0,driving
19.2376,111,1,6,128,249.0,driving
19.4356,111,2,22,127,1.0,idle
19.6336,111,0,14,127,2.0,idle
19.8318,111,250,253,130,250.0,driving
20.0296,111,254,41,128,4.0,idle
20.2276,111,8,2,125,246.0,driving
20.4256,111,1,246,128,7.0,idle
20.6236,111,250,253,129,249.0,driving
20.8218,111,252,245,125,2.0,idle
21.0196,111,1,246,125,251.0,driving
21.217599999999997,111,252,253,128,251.0,driving
21.4156,111,252,9,130,0.0,idle
21.6136,111,1,10,127,251.0,driving
21.8117,111,1,242,127,0.0,idle
22.0096,111,254,25,130,253.0,driving
22.2076,111,247,37,129,7.0,idle
22.4056,111,8,246,126,239.0,driving
22.6036,111,7,242,128,1.0,idle
22.8018,111,248,13,131,241.0,driving
22.999599999999997,111,254,1,127,6.0,idle
23.1976,111,254,217,125,0.0,idle
23.3956,111,253,5,130,1.0,idle
23.5936,111,254,245,128,1.0,idle
23.79175,111,253,17,128,1.0,idle
23.9896,111,251,1,126,2.0,idle
24.1876,111,246,249,130,5.0,idle
24.3856,111,253,37,127,7.0,idle
24.5836,111,250,41,125,3.0,idle
24.7819,111,252,173,132,2.0,idle
24.9796,111,4,230,124,248.0,driving
25.1776,111,247,25,126,243.0,driving
25.3756,111,198,204,2,49.0,driving
25.5736,111,249,213,130,51.0,driving
25.771749999999997,111,58,238,124,191.0,driving
25.9696,111,23,250,128,35.0,driving
26.1676,111,240,229,130,217.0,driving
26.365599999999997,111,247,137,129,7.0,idle
26.563599999999997,111,5,190,125,242.0,driving
26.7617,111,3,50,129,2.0,idle
26.9596,111,255,157,129,252.0,driving
27.1576,111,158,150,253,97.0,driving
27.3556,111,88,78,129,70.0,driving
27.5536,111,10,254,134,78.0,driving
27.7521,111,43,70,130,33.0,driving
27.9496,111,41,90,125,2.0,idle
28.147599999999997,111,26,242,127,15.0,driving
28.345599999999997,111,246,109,132,220.0,driving
28.5436,111,11,38,126,235.0,driving
28.74185,111,243,41,128,232.0,driving
28.9411,111,244,1,127,1.0,idle
29.1392,111,255,29,129,11.0,driving
29.3371,111,250,245,129,5.0,idle
29.5351,111,4,226,128,246.0,driving
29.73325,111,10,222,129,6.0,idle
29.931099999999997,111,4,238,128,6.0,idle
30.129199999999997,111,5,218,128,1.0,idle
30.3271,111,251,17,128,246.0,driving
30.5251,111,252,45,128,1.0,idle
30.72325,111,249,29,127,3.0,idle
30.9211,111,252,229,127,3.0,idle
31.119249999999997,111,255,1,128,3.0,idle
31.3171,111,254,13,127,1.0,idle
31.5151,111,254,221,128,0.0,idle
31.71325,111,4,26,128,250.0,driving
31.9111,111,2,246,128,2.0,idle
32.1092,111,248,229,128,246.0,driving
32.3071,111,5,250,129,243.0,driving
32.5051,111,9,10,128,4.0,idle
32.70325,111,255,37,127,246.0,driving
32.9011,111,252,241,128,3.0,idle
33.099199999999996,111,4,26,128,248.0,driving
33.2971,111,253,253,127,249.0,driving
33.4951,111,247,233,129,6.0,idle
33.69195,111,255,241,128,8.0,idle
33.8896,111,2,14,127,253.0,driving
34.0876,111,254,5,127,252.0,driving
34.285599999999995,111,243,1,128,11.0,driving
34.484249999999996,111,4,22,128,239.0,driving
34.6824,111,2,22,127,2.0,idle
34.8806,111,244,249,128,242.0,driving
35.0792,111,2,250,128,242.0,driving
35.2771,111,8,18,127,6.0,idle
35.4751,111,250,5,127,242.0,driving
35.673249999999996,111,245,1,128,5.0,idle
35.8711,111,5,30,128,240.0,driving
36.06925,111,2,246,128,3.0,idle
36.2671,111,250,233,127,248.0,driving
36.4651,111,10,242,130,240.0,driving
36.6632,111,20,18,127,10.0,idle
36.8611,111,245,241,128,225.0,driving
37.05925,111,253,225,128,8.0,idle
37.2571,111,8,38,128,245.0,driving
37.45365,111,0,230,128,8.0,idle
37.6518,111,8,26,127,8.0,idle
37.84965,111,6,18,129,2.0,idle
38.04765,111,0,222,130,6.0,idle
38.24565,111,251,29,128,251.0,driving
38.44365,111,254,9,128,3.0,idle
38.64185,111,252,245,128,2.0,idle
38.83965,111,243,249,128,9.0,idle
39.03765,111,7,22,128,236.0,driving
39.23565,111,3,238,128,4.0,idle
39.4336,111,250,245,128,247.0,driving
39.6318,111,0,10,127,250.0,driving
39.8296,111,252,9,126,252.0,driving
40.0276,111,244,253,128,8.0,idle
40.22565,111,251,5,128,7.0,idle
40.423649999999995,111,0,22,128,251.0,driving
40.62175,111,250,253,127,250.0,driving
40.81965,111,243,253,128,7.0,idle
41.01765,111,255,249,128,12.0,driving
41.21565,111,2,22,126,253.0,driving
41.41365,111,246,5,128,244.0,driving
41.611799999999995,111,254,21,128,8.0,idle
41.80965,111,2,30,127,252.0,driving
42.00765,111,2,10,127,0.0,idle
42.20565,111,250,241,128,248.0,driving
42.40365,111,8,250,128,242.0,driving
42.6017,111,254,9,127,246.0,driving
42.79965,111,250,213,129,4.0,idle
42.99765,111,0,242,128,250.0,driving
43.19565,111,4,2,126,4.0,idle
43.39365,111,248,245,128,244.0,driving
43.591899999999995,111,255,5,126,7.0,idle
43.789649999999995,111,252,237,128,3.0,idle
43.987649999999995,111,246,1,128,6.0,idle
44.185649999999995,111,4,254,128,242.0,driving
44.38365,111,1,250,127,3.0,idle
44.58175,111,245,241,128,244.0,driving
44.77965,111,0,38,127,245.0,driving
44.97765,111,220,21,119,220.0,driving
45.17565,111,172,137,97,48.0,driving
45.37365,111,228,85,133,56.0,driving
45.57185,111,71,230,154,157.0,driving
45.76965,111,39,65,146,32.0,driving
45.96765,111,38,253,175,1.0,idle
46.16565,111,208,173,123,170.0,driving
46.36365,111,45,26,127,163.0,driving
46.561699999999995,111,89,34,102,44.0,driving
46.75965,111,245,249,90,156.0,driving
46.95765,111,16,190,115,229.0,driving
47.15565,111,234,185,127,218.0,driving
47.353649999999995,111,184,46,56,50.0,driving
47.5518,111,205,24,191,21.0,driving
47.749649999999995,111,232,113,124,27.0,driving
47.94765,111,225,193,125,7.0,idle
48.14565,111,240,249,131,15.0,driving
48.34365,111,171,93,154,69.0,driving
48.5419,111,1,238,130,170.0,driving
48.74115,111,9,194,132,8.0,idle
48.9391,111,240,73,129,231.0,driving
49.137249999999995,111,232,169,127,8.0,idle
49.33515,111,14,226,131,218.0,driving
49.53335,111,255,241,129,241.0,driving
49.73115,111,251,93,127,4.0,idle
49.92915,111,252,21,127,1.0,idle
50.12725,111,247,41,128,5.0,idle
50.32515,111,8,22,127,239.0,driving
50.52325,111,255,221,129,247.0,driving
50.721149999999994,111,245,245,128,10.0,idle
50.919149999999995,111,253,5,127,8.0,idle
51.1173,111,8,210,127,245.0,driving
51.3151,111,248,205,128,240.0,driving
51.5133,111,247,21,129,1.0,idle
51.71115,111,14,6,127,233.0,driving
51.90915,111,0,238,128,14.0,driving
52.10725,111,247,9,129,247.0,driving
52.30515,111,9,66,126,238.0,driving
52.50335,111,1,6,128,8.0,idle
52.70115,111,248,245,129,247.0,driving
52.89915,111,2,18,127,246.0,driving
53.097249999999995,111,5,246,128,3.0,idle
53.29515,111,247,229,129,242.0,driving
53.49335,111,247,9,129,0.0,idle
53.69115,111,9,6,127,238.0,driving
53.88915,111,249,233,128,240.0,driving
54.0873,111,242,13,129,7.0,idle
54.285149999999994,111,10,10,126,232.0,driving
54.48325,111,251,229,128,241.0,driving
54.681149999999995,111,246,1,129,5.0,idle
54.87915,111,8,18,127,238.0,driving
55.07725,111,8,254,126,0.0,idle
55.27515,111,250,245,128,242.0,driving
55.47335,111,252,233,129,2.0,idle
55.67115,111,7,234,127,245.0,driving
55.86915,111,243,213,129,236.0,driving
56.067249999999994,111,246,237,129,3.0,idle
56.26365,111,245,189,129,1.0,idle
56.46185,111,240,5,129,5.0,idle
56.65965,111,11,2,126,229.0,driving
56.85765,111,251,245,128,240.0,driving
57.05565,111,244,13,129,7.0,idle
57.25365,111,9,2,128,235.0,driving
57.451899999999995,111,1,18,127,8.0,idle
57.649649999999994,111,247,37,128,246.0,driving
57.8477,111,5,246,127,242.0,driving
58.0457,111,2,246,128,3.0,idle
58.2437,111,247,1,129,245.0,driving
58.443349999999995,111,254,1,129,7.0,idle
58.6397,111,9,6,126,245.0,driving
58.8377,111,246,233,129,237.0,driving
59.0357,111,246,245,129,0.0,idle
59.23365,111,7,242,127,239.0,driving
59.4318,111,252,225,128,245.0,driving
59.62965,111,241,249,130,11.0,driving
59.82765,111,12,242,127,229.0,driving
60.02565,111,5,226,127,7.0,idle
60.223699999999994,111,241,17,128,236.0,driving
60.4218,111,1,18,128,240.0,driving
60.619699999999995,111,8,14,125,7.0,idle
60.817699999999995,111,245,241,129,237.0,driving
61.015699999999995,111,3,2,127,242.0,driving
61.2137,111,9,214,127,6.0,idle
61.4118,111,246,133,136,237.0,driving
61.6097,111,12,158,133,234.0,driving
61.8077,111,6,246,126,6.0,idle
62.0057,111,243,233,129,237.0,driving
62.20365,111,250,29,128,7.0,idle
62.40195,111,244,33,128,6.0,idle
62.59965,111,250,9,128,6.0,idle
62.7977,111,14,34,125,236.0,driving
62.9957,111,246,205,129,232.0,driving
63.1937,111,247,1,130,1.0,idle
63.39185,111,13,10,126,234.0,driving
63.5897,111,249,1,129,236.0,driving
63.787699999999994,111,239,181,131,10.0,idle
63.986,111,249,173,129,10.0,idle
64.1837,111,6,162,127,243.0,driving
64.3818,111,250,21,130,244.0,driving
64.5797,111,14,54,125,236.0,driving
64.7777,111,2,198,129,12.0,driving
64.9757,111,244,1,130,242.0,driving
65.1737,111,13,6,126,231.0,driving
65.3719,111,11,10,126,2.0,idle
65.5697,111,238,253,130,227.0,driving
65.76769999999999,111,1,34,127,237.0,driving
65.9657,111,16,6,125,15.0,driving
66.16369999999999,111,245,233,129,229.0,driving
66.36185,111,0,6,127,245.0,driving
66.55969999999999,111,10,18,126,10.0,idle
66.7577,111,241,229,129,231.0,driving
66.9557,111,247,241,129,6.0,idle
67.1537,111,8,6,126,239.0,driving
67.3519,111,243,1,128,235.0,driving
67.5497,111,244,9,129,1.0,idle
67.7477,111,13,242,126,231.0,driving
67.9457,111,249,241,128,236.0,driving
68.1437,111,241,249,130,8.0,idle
68.34335,111,251,253,128,10.0,idle
68.54115,111,250,245,128,1.0,idle
68.73915,111,10,30,126,240.0,driving
68.93715,111,2,226,127,8.0,idle
69.1353,111,242,5,129,240.0,driving
69.33335,111,5,14,127,237.0,driving
69.5312,111,255,5,128,250.0,driving
69.72919999999999,111,242,5,130,13.0,driving
69.9272,111,11,250,126,231.0,driving
70.1253,111,10,238,126,1.0,idle
70.32334999999999,111,240,233,129,230.0,driving
70.5212,111,11,14,128,229.0,driving
70.7192,111,14,38,125,3.0,idle
70.9172,111,245,245,130,231.0,driving
71.11534999999999,111,4,234,128,241.0,driving
71.3133,111,11,246,125,7.0,idle
71.51115,111,243,237,129,232.0,driving
71.7092,111,5,238,128,238.0,driving
71.9072,111,14,234,125,9.0,idle
72.1053,111,243,233,129,229.0,driving
72.30345,111,249,241,129,6.0,idle
72.5012,111,12,234,126,237.0,driving
72.69919999999999,111,243,245,128,231.0,driving
72.8972,111,247,229,129,4.0,idle
73.0953,111,12,210,126,235.0,driving
73.29335,111,243,245,129,231.0,driving
73.49119999999999,111,246,253,129,3.0,idle
73.6892,111,16,138,127,230.0,driving
73.88719999999999,111,243,229,129,227.0,driving
74.08534999999999,111,246,13,128,3.0,idle
74.2834,111,17,230,125,229.0,driving
74.4812,111,250,185,128,233.0,driving
74.6792,111,14,70,124,236.0,driving
74.8757,111,240,9,128,226.0,driving
75.07435,111,247,1,129,7.0,idle
75.27255,111,10,6,126,237.0,driving
75.4712,111,251,249,128,241.0,driving
75.6692,111,244,41,129,7.0,idle
75.8672,111,11,2,126,233.0,driving
76.06535,111,247,5,128,236.0,driving
76.26335,111,242,17,129,5.0,idle
76.46119999999999,111,8,10,126,234.0,driving
76.6592,111,246,21,128,238.0,driving
76.85719999999999,111,248,25,129,2.0,idle
77.05534999999999,111,14,34,125,234.0,driving
77.2534,111,247,17,128,233.0,driving
77.44969999999999,111,243,17,129,4.0,idle
77.64775,111,13,230,127,230.0,driving
77.84575,111,231,149,117,218.0,driving
78.04375,111,167,71,20,64.0,driving
78.2419,111,145,155,152,22.0,driving
78.43974999999999,111,56,2,94,89.0,driving
78.63775,111,252,253,127,196.0,driving
78.8357,111,250,241,127,2.0,idle
79.0337,111,253,33,127,3.0,idle
79.23185,111,1,42,127,252.0,driving
79.4297,111,251,253,127,250.0,driving
79.62769999999999,111,252,9,127,1.0,idle
79.8257,111,1,10,127,251.0,driving
80.02374999999999,111,255,245,127,254.0,driving
80.22189999999999,111,253,253,127,2.0,idle
80.41975,111,255,253,127,2.0,idle
80.61775,111,1,250,127,254.0,driving
80.81575,111,253,25,127,252.0,driving
81.01375,111,1,14,127,252.0,driving
81.212,111,255,9,128,254.0,driving
81.40975,111,2,250,127,253.0,driving
81.60775,111,2,238,127,0.0,idle
81.80575,111,0,250,127,2.0,idle
82.0037,111,0,14,127,0.0,idle
82.20179999999999,111,0,250,127,0.0,idle
82.39975,111,255,13,127,255.0,driving
82.59774999999999,111,0,2,127,255.0,driving
82.79575,111,0,250,127,0.0,idle
82.99374999999999,111,253,245,127,253.0,driving
83.19194999999999,111,255,249,127,2.0,idle
83.38974999999999,111,252,225,127,3.0,idle
83.58775,111,252,225,128,0.0,idle
83.78575,111,255,233,127,3.0,idle
83.98375,111,254,237,127,1.0,idle
84.1818,111,254,9,127,0.0,idle
84.37975,111,255,17,127,1.0,idle
84.57775,111,0,6,127,255.0,driving
84.77575,111,255,17,128,255.0,driving
84.97375,111,255,1,128,0.0,idle
85.172,111,1,234,127,254.0,driving
85.36975,111,251,233,128,250.0,driving
85.56774999999999,111,254,217,127,3.0,idle
85.76575,111,0,214,127,254.0,driving
85.96374999999999,111,253,233,127,253.0,driving
86.1619,111,254,245,127,1.0,idle
86.35974999999999,111,255,5,127,1.0,idle
86.55775,111,252,25,128,3.0,idle
86.75574999999999,111,1,34,127,251.0,driving
86.95375,111,254,13,127,253.0,driving
87.1519,111,252,9,128,2.0,idle
87.34975,111,255,1,127,3.0,idle
87.54775,111,254,17,127,1.0,idle
87.74575,111,254,17,127,0.0,idle
87.94375,111,4,246,127,250.0,driving
88.14189999999999,111,251,13,128,247.0,driving
88.3412,111,254,33,128,3.0,idle
88.53925,111,255,29,127,1.0,idle
88.73725,111,254,45,128,1.0,idle
88.93525,111,252,53,128,2.0,idle
89.1336,111,254,37,128,2.0,idle
89.33125,111,254,45,128,0.0,idle
89.52924999999999,111,1,58,127,253.0,driving
89.72725,111,252,45,128,251.0,driving
89.92524999999999,111,0,50,128,252.0,driving
90.12345,111,5,46,127,5.0,idle
90.32125,111,5,30,127,0.0,idle
90.51925,111,7,210,120,2.0,idle
90.7172,111,245,53,95,238.0,driving
90.9152,111,113,105,118,132.0,driving
91.1136,111,89,145,133,24.0,driving
91.31125,111,186,208,228,97.0,driving
91.50925,111,246,57,183,60.0,driving
91.70725,111,0,158,133,246.0,driving
91.90525,111,42,90,116,42.0,driving
92.10345,111,238,165,129,196.0,driving
92.30125,111,13,242,124,225.0,driving
92.49925,111,11,74,126,2.0,idle
92.69725,111,230,245,134,219.0,driving
92.89525,111,32,66,99,198.0,driving
93.0935,111,191,21,138,159.0,driving
93.29125,111,217,241,132,26.0,driving
93.48925,111,215,41,126,2.0,idle
93.68725,111,52,74,124,163.0,driving
93.88525,111,29,222,138,23.0,driving
94.08355,111,233,117,130,204.0,driving
94.28125,111,208,233,132,25.0,driving
94.47925,111,14,54,128,194.0,driving
94.67725,111,17,174,123,3.0,idle
94.87525,111,59,46,128,42.0,driving
95.07365,111,79,106,127,20.0,driving
95.27125,111,104,190,54,25.0,driving
95.46925,111,250,197,157,146.0,driving
95.66725,111,231,169,159,19.0,driving
95.86525,111,244,121,130,13.0,driving
96.0619,111,2,10,130,242.0,driving
96.25975,111,237,177,127,235.0,driving
96.45775,111,247,29,127,10.0,idle
96.65575,111,232,213,126,15.0,driving
96.85375,111,188,165,128,44.0,driving
97.05225,111,254,61,130,66.0,driving
97.2498,111,252,197,129,2.0,idle
97.4478,111,251,229,127,1.0,idle
97.6458,111,142,222,41,109.0,driving
97.8438,111,233,169,127,91.0,driving
98.0419,111,71,142,134,162.0,driving
98.2398,111,233,225,116,162.0,driving
98.43775,111,255,17,121,22.0,driving
98.63575,111,28,70,131,227.0,driving
98.83375,111,7,202,128,21.0,driving
99.032,111,16,42,139,9.0,idle
99.22975,111,41,18,129,25.0,driving
99.4278,111,19,138,126,22.0,driving
99.6258,111,1,70,127,18.0,driving
99.8238,111,24,174,129,23.0,driving
100.02185,111,93,54,112,69.0,driving
100.2198,111,216,98,132,123.0,driving
100.4178,111,144,149,123,72.0,driving
100.6158,111,246,209,124,102.0,driving
100.8138,111,251,29,125,5.0,idle
101.012,111,0,18,127,251.0,driving
101.2098,111,251,245,128,251.0,driving
101.4078,111,2,6,127,249.0,driving
101.60575,111,249,9,128,247.0,driving
101.8038,111,254,5,128,5.0,idle
102.00185,111,6,6,128,248.0,driving
102.1998,111,249,241,128,243.0,driving
102.3978,111,253,245,128,4.0,idle
102.5958,111,9,242,128,244.0,driving
102.7938,111,251,5,128,242.0,driving
102.99195,111,4,14,128,247.0,driving
103.1898,111,6,6,128,2.0,idle
103.3878,111,242,225,128,236.0,driving
103.5858,111,254,253,128,12.0,driving
103.7838,111,2,238,129,252.0,driving
103.98195,111,249,249,127,247.0,driving
104.1798,111,0,242,128,249.0,driving
104.3778,111,255,25,128,255.0,driving
104.5758,111,248,1,127,7.0,idle
104.7738,111,3,22,127,245.0,driving
104.9721,111,3,26,127,0.0,idle
105.1698,111,252,229,127,249.0,driving
105.3678,111,5,22,128,247.0,driving
105.5658,111,252,225,128,247.0,driving
105.7638,111,0,234,128,252.0,driving
105.96195,111,6,22,127,6.0,idle
106.1598,111,2,226,128,4.0,idle
106.3578,111,4,250,128,2.0,idle
106.5558,111,246,241,127,242.0,driving
106.7538,111,6,218,129,240.0,driving
106.95195,111,0,26,127,6.0,idle
107.1498,111,243,233,127,243.0,driving
107.3478,111,0,186,128,243.0,driving
107.5458,111,3,18,124,3.0,idle
107.7438,111,171,214,85,168.0,driving
107.94195,111,160,182,82,11.0,driving
108.1414,111,81,38,124,79.0,driving
108.3393,111,143,163,137,62.0,driving
108.5373,111,241,237,128,98.0,driving
108.7353,111,9,222,127,232.0,driving
108.93345,111,255,241,127,246.0,driving
109.1314,111,250,253,128,5.0,idle
109.3293,111,6,10,127,244.0,driving
109.5273,111,2,242,128,4.0,idle
109.7253,111,254,253,128,252.0,driving
109.92355,111,5,22,127,249.0,driving
110.12145,111,0,2,127,5.0,idle
110.3193,111,1,254,127,1.0,idle
110.5173,111,2,22,127,1.0,idle
110.7153,111,255,1,127,253.0,driving
110.9134,111,252,245,128,3.0,idle
111.1114,111,255,249,128,3.0,idle
111.3093,111,251,5,128,4.0,idle
111.5073,111,1,6,128,250.0,driving
111.7053,111,0,246,128,1.0,idle
111.90345,111,252,5,128,252.0,driving
112.1014,111,255,9,127,3.0,idle
112.2993,111,255,5,127,0.0,idle
112.4973,111,1,14,127,254.0,driving
112.6953,111,0,246,128,1.0,idle
112.89345,111,253,245,128,253.0,driving
113.09145,111,1,250,128,252.0,driving
113.2893,111,250,253,128,249.0,driving
113.4873,111,253,233,128,3.0,idle
113.6853,111,1,246,128,252.0,driving
113.8835,111,253,1,128,252.0,driving
114.0814,111,1,250,128,252.0,driving
114.2793,111,2,250,128,1.0,idle
114.47735,111,254,9,128,252.0,driving
114.6753,111,2,10,128,252.0,driving
114.8721,111,1,242,128,1.0,idle
115.0698,111,254,241,128,253.0,driving
115.2678,111,2,2,127,252.0,driving
115.4658,111,252,245,128,250.0,driving
115.6638,111,252,241,128,0.0,idle
115.86195,111,1,250,127,251.0,driving
116.05985,111,252,5,128,251.0,driving
116.25785,111,0,10,128,252.0,driving
116.45585,111,254,5,128,254.0,driving
116.65385,111,252,29,128,2.0,idle
116.852,111,1,18,128,251.0,driving
117.04985,111,255,249,128,254.0,driving
117.24785,111,251,237,128,4.0,idle
117.44585,111,1,242,128,250.0,driving
117.64385,111,253,229,128,252.0,driving
117.842,111,255,225,128,2.0,idle
118.03985,111,2,250,127,253.0,driving
118.23785,111,254,5,128,252.0,driving
118.43585,111,1,18,128,253.0,driving
118.63385,111,254,9,128,253.0,driving
118.832,111,2,18,128,252.0,driving
119.02985,111,2,250,128,0.0,idle
119.22785,111,254,245,128,252.0,driving
119.42585,111,1,246,127,253.0,driving
119.62385,111,251,241,128,250.0,driving
119.8221,111,0,238,128,251.0,driving
120.01985,111,1,254,128,1.0,idle
120.21785,111,251,13,128,250.0,driving
120.41585,111,0,14,128,251.0,driving
120.61385,111,255,9,128,255.0,driving
120.81195,111,251,13,128,4.0,idle
121.00985,111,254,5,128,3.0,idle
121.20785,111,251,233,128,3.0,idle
121.40585,111,254,221,128,3.0,idle
121.60385,111,0,242,127,254.0,driving
121.80195,111,248,245,128,248.0,driving
121.99985,111,254,245,128,6.0,idle
122.19785,111,2,2,128,252.0,driving
122.39585,111,255,21,128,253.0,driving
122.59385,111,6,14,128,249.0,driving
122.79195,111,1,2,128,5.0,idle
122.98985,111,255,1,128,254.0,driving
123.18785,111,4,2,127,251.0,driving
123.38585,111,0,234,128,4.0,idle
123.58385,111,252,225,128,252.0,driving
123.78205,111,3,246,127,249.0,driving
123.97985,111,253,1,128,250.0,driving
124.17785,111,1,2,128,252.0,driving
124.37585,111,0,14,127,1.0,idle
124.57385,111,249,29,128,249.0,driving
124.77215,111,1,6,128,248.0,driving
124.96985,111,251,9,128,250.0,driving
125.16785,111,0,242,127,251.0,driving
125.36585,111,253,229,128,253.0,driving
125.56385,111,253,221,128,0.0,idle
125.762,111,0,246,128,253.0,driving
125.95985,111,252,17,128,252.0,driving
126.15785,111,3,18,128,249.0,driving
126.35585,111,2,10,128,1.0,idle
126.55385,111,254,9,128,252.0,driving
126.752,111,5,246,127,249.0,driving
126.94985,111,253,241,127,248.0,driving
127.14785,111,253,233,128,0.0,idle
127.34585,111,0,2,128,253.0,driving
127.54385,111,253,21,128,253.0,driving
127.742,111,1,26,128,252.0,driving
127.94135,111,255,9,128,254.0,driving
128.13944999999998,111,252,21,128,3.0,idle
128.33735,111,1,6,128,251.0,driving
128.53535,111,254,229,128,253.0,driving
128.73364999999998,111,0,254,128,254.0,driving
128.93134999999998,111,3,10,127,3.0,idle
129.1295,111,253,17,128,250.0,driving
129.32735,111,6,18,128,247.0,driving
129.52535,111,0,238,128,6.0,idle
129.72345,111,255,253,128,255.0,driving
129.92135,111,3,2,128,252.0,driving
130.1195,111,0,230,128,3.0,idle
130.31735,111,253,233,128,253.0,driving
130.51534999999998,111,2,6,128,251.0,driving
130.71349999999998,111,253,21,128,251.0,driving
130.91135,111,1,30,128,252.0,driving
131.1095,111,250,21,128,249.0,driving
131.30735,111,1,2,128,249.0,driving
131.50535,111,255,229,128,254.0,driving
131.70345,111,252,217,128,3.0,idle
131.90135,111,0,238,127,252.0,driving
132.0995,111,251,241,128,251.0,driving
132.29735,111,1,238,128,250.0,driving
132.49535,111,2,6,128,1.0,idle
132.69355,111,254,29,128,252.0,driving
132.89135,111,3,14,128,251.0,driving
133.0895,111,253,237,128,250.0,driving
133.2874,111,251,229,128,2.0,idle
133.4839,111,0,242,127,251.0,driving
133.68205,111,252,13,128,252.0,driving
133.8799,111,255,9,128,3.0,idle
134.0779,111,0,18,128,255.0,driving
134.2759,111,252,25,128,252.0,driving
134.4739,111,255,9,128,3.0,idle
134.67215,111,253,225,128,2.0,idle
134.8699,111,255,229,128,2.0,idle
135.06789999999998,111,255,249,128,0.0,idle
135.2659,111,251,17,128,4.0,idle
135.4639,111,4,30,128,247.0,driving
135.662,111,0,22,127,4.0,idle
135.8605,111,254,245,128,254.0,driving
136.0595,111,255,245,127,1.0,idle
136.2559,111,253,249,128,2.0,idle
136.4554,111,1,250,128,252.0,driving
136.65355,111,2,6,128,1.0,idle
136.85139999999998,111,249,21,128,247.0,driving
137.0495,111,1,26,128,248.0,driving
137.2459,111,250,13,128,249.0,driving
137.4439,111,2,250,128,248.0,driving
137.64194999999998,111,252,229,128,250.0,driving
137.8399,111,3,242,128,249.0,driving
138.0379,111,2,2,128,1.0,idle
138.2359,111,250,17,128,248.0,driving
138.4339,111,2,18,128,248.0,driving
138.63225,111,254,249,128,252.0,driving
138.82989999999998,111,252,229,128,2.0,idle
139.0279,111,253,237,128,1.0,idle
139.2259,111,252,253,128,1.0,idle
139.4239,111,0,254,128,252.0,driving
139.622,111,0,14,128,0.0,idle
139.8199,111,249,9,128,249.0,driving
140.0179,111,0,254,127,249.0,driving
140.2159,111,255,233,128,255.0,driving
140.41389999999998,111,3,234,128,252.0,driving
140.61204999999998,111,6,246,127,3.0,idle
140.8099,111,255,13,128,249.0,driving
141.0079,111,4,22,128,251.0,driving
141.2059,111,0,254,128,4.0,idle
141.4039,111,252,249,128,252.0,driving
141.602,111,254,245,127,2.0,idle
141.79989999999998,111,252,245,128,2.0,idle
141.9979,111,4,2,128,248.0,driving
142.1959,111,0,2,128,4.0,idle
142.3939,111,251,25,128,251.0,driving
142.5921,111,5,14,128,246.0,driving
142.7899,111,253,241,128,248.0,driving
142.9879,111,255,217,127,2.0,idle
143.1859,111,0,238,127,255.0,driving
143.38389999999998,111,255,17,128,255.0,driving
143.5821,111,1,10,128,254.0,driving
143.7799,111,253,237,128,252.0,driving
143.97795,111,2,242,127,251.0,driving
144.17595,111,252,245,128,250.0,driving
144.37394999999998,111,1,254,128,251.0,driving
144.57215,111,3,246,128,2.0,idle
144.76995,111,251,29,128,248.0,driving
144.96795,111,2,26,128,249.0,driving
145.1659,111,254,241,128,252.0,driving
145.3639,111,251,225,128,3.0,idle
145.56205,111,255,237,128,4.0,idle
145.7599,111,251,13,128,4.0,idle
145.9579,111,4,26,128,247.0,driving
146.1559,111,1,2,128,3.0,idle
146.35389999999998,111,253,241,128,252.0,driving
146.5521,111,1,238,127,252.0,driving
146.74994999999998,111,252,253,128,251.0,driving
146.94795,111,3,14,128,249.0,driving
147.14595,111,0,254,128,3.0,idle
147.34395,111,251,13,128,251.0,driving
147.54205,111,255,5,128,4.0,idle
147.7414,111,252,237,128,3.0,idle
147.9394,111,255,225,128,3.0,idle
148.13755,111,2,250,128,253.0,driving
148.3354,111,253,17,128,251.0,driving
148.53369999999998,111,3,26,128,250.0,driving
148.73139999999998,111,4,250,128,1.0,idle
148.9294,111,254,229,128,250.0,driving
149.12755,111,255,241,128,1.0,idle
149.3254,111,252,13,128,3.0,idle
149.52349999999998,111,2,22,128,250.0,driving
149.7214,111,252,21,128,250.0,driving
149.9194,111,0,22,128,252.0,driving
150.11755,111,255,237,128,255.0,driving
150.31545,111,252,225,128,3.0,idle
150.5136,111,1,250,128,251.0,driving
150.71145,111,253,21,128,252.0,driving
150.90959999999998,111,3,14,128,250.0,driving
151.10755,111,253,237,128,250.0,driving
151.3054,111,255,225,128,2.0,idle
151.50355,111,3,254,128,252.0,driving
151.7014,111,253,21,128,250.0,driving
151.8994,111,1,14,128,252.0,driving
152.09595,111,0,238,128,1.0,idle
152.29395,111,251,217,128,251.0,driving
152.4922,111,0,242,128,251.0,driving
152.69055,111,1,6,128,1.0,idle
152.88944999999998,111,5,14,128,4.0,idle
153.08755,111,3,2,128,2.0,idle
153.28545,111,254,237,128,251.0,driving
153.4836,111,254,241,128,0.0,idle
153.68144999999998,111,252,249,128,2.0,idle
153.87945,111,2,6,128,250.0,driving
154.07755,111,255,1,128,253.0,driving
154.2754,111,253,241,128,2.0,idle
154.47365,111,0,238,127,253.0,driving
154.6714,111,254,237,128,254.0,driving
154.86945,111,3,254,128,251.0,driving
155.06754999999998,111,0,250,128,3.0,idle
155.26545,111,253,13,128,253.0,driving
155.4636,111,1,250,127,252.0,driving
155.66145,111,253,245,128,252.0,driving
155.85944999999998,111,0,250,128,253.0,driving
156.05595,111,253,13,128,253.0,driving
156.25395,111,0,26,128,253.0,driving
156.4521,111,254,253,128,254.0,driving
156.64995,111,251,233,128,3.0,idle
156.84795,111,0,242,128,251.0,driving
157.04595,111,0,10,128,0.0,idle
157.24394999999998,111,3,18,128,3.0,idle
157.4422,111,0,246,128,3.0,idle
157.63995,111,252,229,128,252.0,driving
157.83795,111,0,238,127,252.0,driving
158.03595,111,253,13,128,253.0,driving
158.23399999999998,111,1,10,128,252.0,driving
158.4321,111,252,1,128,251.0,driving
158.62994999999998,111,253,225,128,1.0,idle
158.82795,111,2,246,128,251.0,driving
159.02595,111,252,253,128,250.0,driving
159.22395,111,5,14,128,247.0,driving
159.4221,111,1,10,128,4.0,idle
159.61995,111,0,238,128,1.0,idle
159.81795,111,0,242,127,0.0,idle
160.01595,111,252,1,128,252.0,driving
160.214,111,0,14,128,252.0,driving
160.41209999999998,111,254,249,128,254.0,driving
160.61,111,252,225,128,2.0,idle
160.808,111,0,238,127,252.0,driving
161.006,111,251,245,128,251.0,driving
161.20399999999998,111,2,254,128,249.0,driving
161.40215,111,3,6,128,1.0,idle
161.6,111,253,245,128,250.0,driving
161.79795,111,1,238,127,252.0,driving
161.99595,111,251,253,128,250.0,driving
162.19395,111,255,245,128,4.0,idle
162.3922,111,253,17,128,2.0,idle
162.58995,111,255,13,128,2.0,idle
162.78799999999998,111,252,237,128,3.0,idle
162.986,111,254,233,128,2.0,idle
163.184,111,1,250,128,253.0,driving
163.38215,111,252,21,128,251.0,driving
163.57999999999998,111,6,14,127,246.0,driving
163.778,111,255,237,128,249.0,driving
163.976,111,1,230,128,254.0,driving
164.174,111,254,249,128,253.0,driving
164.3722,111,249,9,128,5.0,idle
164.57,111,0,14,128,249.0,driving
164.76794999999998,111,253,233,128,253.0,driving
164.96599999999998,111,3,222,128,250.0,driving
165.164,111,4,242,127,1.0,idle
165.3621,111,252,13,128,248.0,driving
165.56,111,5,10,127,247.0,driving
165.75799999999998,111,253,241,128,248.0,driving
165.956,111,3,254,128,250.0,driving
166.154,111,1,2,128,2.0,idle
166.35209999999998,111,251,13,128,250.0,driving
166.54999999999998,111,255,253,128,4.0,idle
166.748,111,252,233,128,3.0,idle
166.946,111,255,245,128,3.0,idle
167.144,111,3,2,128,252.0,driving
167.34369999999998,111,252,17,128,249.0,driving
167.54,111,2,254,127,250.0,driving
167.7395,111,254,241,128,252.0,driving
167.93744999999998,111,3,234,128,251.0,driving
168.13559999999998,111,2,254,127,1.0,idle
168.3336,111,4,22,128,2.0,idle
168.5315,111,255,241,128,251.0,driving
168.72945,111,253,229,128,2.0,idle
168.92749999999998,111,1,238,127,252.0,driving
169.1256,111,253,253,128,252.0,driving
169.32365,111,3,26,128,250.0,driving
169.5215,111,1,254,128,2.0,idle
169.71949999999998,111,251,233,128,250.0,driving
169.9175,111,253,241,128,2.0,idle
170.11565,111,251,13,128,2.0,idle
170.31365,111,2,22,128,249.0,driving
170.51145,111,255,245,128,253.0,driving
170.7095,111,253,225,128,2.0,idle
170.90744999999998,111,2,254,128,251.0,driving
171.10559999999998,111,254,9,128,252.0,driving
171.3037,111,4,22,127,250.0,driving
171.5015,111,255,245,128,251.0,driving
171.6995,111,253,225,128,2.0,idle
171.89749999999998,111,1,246,127,252.0,driving
172.0956,111,255,9,128,254.0,driving
172.2937,111,1,22,128,254.0,driving
172.4915,111,253,249,128,252.0,driving
172.68949999999998,111,251,229,128,2.0,idle
172.8875,111,1,246,128,250.0,driving
173.08565,111,255,13,128,254.0,driving
173.28369999999998,111,7,22,127,248.0,driving
173.48149999999998,111,255,245,128,248.0,driving
173.6795,111,255,229,128,0.0,idle
173.8775,111,255,241,128,0.0,idle
174.07559999999998,111,252,21,128,3.0,idle
174.27374999999998,111,2,14,128,250.0,driving
174.4715,111,251,237,128,249.0,driving
174.66805,111,0,242,127,251.0,driving
174.86605,111,254,249,128,254.0,driving
175.06404999999998,111,4,10,128,250.0,driving
175.26219999999998,111,2,2,128,2.0,idle
175.45999999999998,111,255,237,128,253.0,driving
175.658,111,0,242,127,255.0,driving
175.856,111,250,245,128,250.0,driving
176.05464999999998,111,255,13,128,5.0,idle
176.25225,111,255,5,128,0.0,idle
176.45065,111,250,233,128,5.0,idle
176.6495,111,255,237,128,5.0,idle
176.8475,111,254,253,128,1.0,idle
177.04559999999998,111,5,14,128,249.0,driving
177.2422,111,1,254,128,4.0,idle
177.44005,111,255,229,128,254.0,driving
177.63805,111,255,237,128,0.0,idle
177.83605,111,253,1,128,2.0,idle
178.03404999999998,111,3,18,128,250.0,driving
178.2322,111,255,245,128,252.0,driving
178.42999999999998,111,251,253,128,4.0,idle
178.628,111,0,238,127,251.0,driving
178.826,111,253,5,128,253.0,driving
179.02405,111,3,18,128,250.0,driving
179.22215,111,255,237,128,252.0,driving
179.42005,111,0,230,128,255.0,driving
179.61804999999998,111,0,242,128,0.0,idle
179.81605,111,249,17,128,249.0,driving
180.01405,111,0,14,128,249.0,driving
180.2122,111,254,253,128,254.0,driving
180.41005,111,250,229,128,4.0,idle
180.60805,111,2,250,128,248.0,driving
180.80605,111,0,254,128,2.0,idle
181.00405,111,0,254,128,0.0,idle
181.2022,111,252,1,128,252.0,driving
181.40005,111,1,246,127,251.0,driving
181.59805,111,255,253,128,254.0,driving
181.79605,111,2,2,128,253.0,driving
181.99405,111,255,5,128,253.0,driving
182.19225,111,252,245,128,3.0,idle
182.39005,111,253,237,127,1.0,idle
182.58805,111,251,253,128,2.0,idle
182.78605,111,3,254,128,248.0,driving
182.98405,111,4,6,128,1.0,idle
183.1822,111,254,249,128,250.0,driving
183.38005,111,3,242,127,251.0,driving
183.57805,111,253,1,128,250.0,driving
183.77605,111,2,14,128,251.0,driving
183.97405,111,253,249,128,251.0,driving
184.1723,111,253,233,128,0.0,idle
184.37005,111,2,238,127,251.0,driving
184.56805,111,253,17,128,251.0,driving
184.76605,111,4,18,128,249.0,driving
184.96405,111,0,250,128,4.0,idle
185.16215,111,254,229,128,254.0,driving
185.36005,111,253,241,128,1.0,idle
185.55805,111,250,17,128,3.0,idle
185.75605,111,0,14,128,250.0,driving
185.95405,111,255,229,128,255.0,driving
186.1523,111,1,230,128,254.0,driving
186.35005,111,2,242,128,1.0,idle
186.54805,111,252,17,128,250.0,driving
186.74605,111,5,22,128,247.0,driving
186.94405,111,0,242,128,5.0,idle
187.14215,111,2,242,127,2.0,idle
187.34155,111,253,253,128,251.0,driving
187.53955,111,2,10,128,251.0,driving
187.73755,111,253,253,128,251.0,driving
187.93555,111,253,225,128,0.0,idle
188.13385,111,0,234,127,253.0,driving
188.33155,111,251,249,128,251.0,driving
188.52955,111,3,10,128,248.0,driving
188.72755,111,2,254,128,1.0,idle
188.92555,111,254,233,128,252.0,driving
189.1238,111,2,238,127,252.0,driving
189.32155,111,252,5,128,250.0,driving
189.51955,111,1,34,128,251.0,driving
189.71755,111,255,241,128,254.0,driving
189.91555,111,252,233,128,3.0,idle
190.11385,111,0,238,128,252.0,driving
190.31155,111,254,13,128,254.0,driving
190.50955,111,2,6,127,252.0,driving
190.70755,111,255,245,128,253.0,driving
190.90555,111,255,233,128,0.0,idle
191.1038,111,254,241,128,1.0,idle
191.30155,111,250,17,128,4.0,idle
191.49955,111,1,22,128,249.0,driving
191.69755,111,252,237,128,251.0,driving
191.89555,111,252,225,128,0.0,idle
192.09385,111,1,242,127,251.0,driving
192.29155,111,0,18,128,1.0,idle
192.48955,111,0,2,128,0.0,idle
192.68755,111,252,249,128,252.0,driving
192.88555,111,0,246,128,252.0,driving
193.08385,111,0,254,128,0.0,idle
193.2807,111,3,18,128,3.0,idle
193.47955,111,253,1,128,250.0,driving
193.67755,111,249,237,128,4.0,idle
193.87555,111,255,245,128,6.0,idle
194.07395,111,253,9,128,2.0,idle
194.2716,111,3,6,127,250.0,driving
194.46955,111,255,241,128,252.0,driving
194.66755,111,1,230,128,254.0,driving
194.86555,111,2,246,128,1.0,idle
195.0638,111,253,13,128,251.0,driving
195.26155,111,253,253,128,0.0,idle
195.45955,111,249,237,128,4.0,idle
195.65755,111,254,241,128,5.0,idle
195.8541,111,1,254,128,253.0,driving
196.05235,111,254,13,128,253.0,driving
196.2501,111,4,6,127,250.0,driving
196.4481,111,253,241,128,249.0,driving
196.6461,111,2,254,128,251.0,driving
196.8441,111,0,254,128,2.0,idle
197.0422,111,251,13,128,251.0,driving
197.2401,111,254,249,128,3.0,idle
197.4381,111,248,237,128,6.0,idle
197.6361,111,0,254,128,248.0,driving
197.8341,111,2,2,128,2.0,idle
198.0323,111,254,9,128,252.0,driving
198.2301,111,5,250,127,249.0,driving
198.4281,111,254,253,128,249.0,driving
198.6261,111,3,2,128,251.0,driving
198.8241,111,0,6,128,3.0,idle
199.0222,111,249,237,128,249.0,driving
199.2201,111,254,237,127,5.0,idle
199.4181,111,253,253,128,1.0,idle
199.6161,111,3,250,128,250.0,driving
199.8141,111,254,13,128,251.0,driving
200.01235,111,2,14,128,252.0,driving
200.2101,111,255,241,128,253.0,driving
200.4081,111,0,234,128,255.0,driving
200.6061,111,2,2,128,2.0,idle
200.8041,111,251,253,128,249.0,driving
201.0023,111,255,245,127,4.0,idle
201.2001,111,248,237,128,7.0,idle
201.3981,111,1,242,128,247.0,driving
201.5961,111,3,254,128,2.0,idle
201.7941,111,254,253,128,251.0,driving
201.9923,111,0,2,127,254.0,driving
202.1901,111,255,245,128,255.0,driving
202.3881,111,2,10,128,253.0,driving
202.5861,111,255,1,128,253.0,driving
202.7841,111,250,245,128,5.0,idle
202.9823,111,255,241,127,5.0,idle
203.1801,111,0,6,128,255.0,driving
203.3781,111,3,18,128,3.0,idle
203.5761,111,1,254,128,2.0,idle
203.7741,111,252,237,128,251.0,driving
203.97235,111,1,242,127,251.0,driving
204.1701,111,254,9,128,253.0,driving
204.3681,111,3,14,128,251.0,driving
204.56615,111,252,249,128,249.0,driving
204.76415,111,252,229,128,0.0,idle
204.96235,111,2,2,128,250.0,driving
205.16015,111,255,9,128,253.0,driving
205.3581,111,3,18,128,252.0,driving
205.5561,111,0,246,128,3.0,idle
205.7541,111,253,241,128,253.0,driving
205.95225,111,251,1,128,2.0,idle
206.1501,111,4,10,128,247.0,driving
206.3481,111,0,2,128,4.0,idle
206.5461,111,252,253,128,252.0,driving
206.74415,111,254,241,127,2.0,idle
206.94225,111,0,254,128,254.0,driving
207.1417,111,4,14,128,4.0,idle
207.3396,111,254,241,128,250.0,driving
207.5376,111,253,229,128,1.0,idle
207.7356,111,1,242,128,252.0,driving
207.9338,111,252,17,128,251.0,driving
208.13175,111,3,26,128,249.0,driving
208.3296,111,253,241,128,250.0,driving
208.5276,111,250,229,128,3.0,idle
208.7256,111,0,246,128,250.0,driving
208.92375,111,252,13,128,252.0,driving
209.12175,111,3,14,128,249.0,driving
209.3196,111,255,245,128,252.0,driving
209.5176,111,254,233,128,1.0,idle
209.71565,111,2,246,127,252.0,driving
209.91385,111,253,5,128,251.0,driving
210.11175,111,0,250,127,253.0,driving
210.3096,111,254,245,128,254.0,driving
210.50765,111,2,10,128,252.0,driving
210.70565,111,5,2,128,3.0,idle
210.9038,111,252,245,128,247.0,driving
211.10175,111,0,250,127,252.0,driving
211.2996,111,251,253,128,251.0,driving
211.4976,111,1,14,128,250.0,driving
211.6956,111,253,249,128,252.0,driving
211.89375,111,254,249,128,1.0,idle
212.09175,111,251,245,128,3.0,idle
212.2896,111,2,2,128,249.0,driving
212.4876,111,0,2,128,2.0,idle
212.6856,111,252,249,128,252.0,driving
212.8838,111,255,245,127,3.0,idle
213.08175,111,251,253,128,4.0,idle
213.27965,111,2,2,128,249.0,driving
213.47765,111,255,1,128,253.0,driving
213.67565,111,252,253,128,3.0,idle
213.8738,111,255,241,128,3.0,idle
214.07175,111,255,5,128,0.0,idle
214.2696,111,5,14,128,250.0,driving
214.46615,111,254,249,128,249.0,driving
214.66415,111,253,229,128,1.0,idle
214.8624,111,254,241,128,1.0,idle
215.06015,111,251,9,128,3.0,idle
215.25815,111,255,17,128,4.0,idle
215.45615,111,253,237,128,2.0,idle
215.65415,111,0,234,128,253.0,driving
215.85225,111,3,254,128,3.0,idle
216.05015,111,253,5,128,250.0,driving
216.24815,111,2,14,128,251.0,driving
216.44615,111,254,245,128,252.0,driving
216.64415,111,255,245,128,1.0,idle
216.8423,111,255,1,128,0.0,idle
217.04015,111,252,1,128,3.0,idle
217.23815,111,0,246,127,252.0,driving
217.43615,111,255,237,128,255.0,driving
217.63415,111,5,246,128,250.0,driving
217.8323,111,4,2,128,1.0,idle
218.03015,111,251,1,128,247.0,driving
218.22815,111,0,246,128,251.0,driving
218.4262,111,0,238,128,0.0,idle
218.6242,111,0,250,128,0.0,idle
218.82235,111,251,13,128,251.0,driving
219.02015,111,1,254,127,250.0,driving
219.21815,111,253,237,128,252.0,driving
219.41615,111,1,246,128,252.0,driving
219.61415,111,4,6,128,3.0,idle
219.8124,111,255,5,128,251.0,driving
220.01015,111,3,250,127,252.0,driving
220.20815,111,254,249,128,251.0,driving
220.40615,111,1,2,128,253.0,driving
220.60415,111,0,2,128,1.0,idle
220.8023,111,250,233,128,250.0,driving
221.0002,111,254,241,128,4.0,idle
221.1982,111,252,9,128,2.0,idle
221.3962,111,5,26,128,247.0,driving
221.5942,111,2,250,128,3.0,idle
221.79235,111,255,229,128,253.0,driving
221.99015,111,255,245,128,0.0,idle
222.18815,111,251,5,128,4.0,idle
222.38615,111,255,249,128,4.0,idle
222.58415,111,253,237,128,2.0,idle
222.78235,111,1,238,128,252.0,driving
222.9802,111,4,2,128,3.0,idle
223.1782,111,252,1,128,248.0,driving
223.3762,111,2,246,127,250.0,driving
223.5742,111,253,253,128,251.0,driving
223.77245,111,3,14,128,250.0,driving
223.9702,111,0,2,128,3.0,idle
224.1682,111,250,237,128,250.0,driving
224.3662,111,250,233,128,0.0,idle
224.5642,111,255,253,128,5.0,idle
224.76235,111,2,2,128,253.0,driving
224.96015,111,253,245,128,251.0,driving
225.15815,111,254,245,128,1.0,idle
225.3562,111,254,249,128,0.0,idle
225.5542,111,2,6,128,252.0,driving
225.7523,111,255,249,128,253.0,driving
225.9502,111,250,229,128,5.0,idle
226.1482,111,254,233,128,4.0,idle
226.3462,111,250,9,128,4.0,idle
226.5442,111,4,18,128,246.0,driving
226.7423,111,0,250,128,4.0,idle
226.9417,111,0,230,128,0.0,idle
227.1398,111,253,237,128,253.0,driving
227.3377,111,250,21,128,3.0,idle
227.5357,111,3,10,128,247.0,driving
227.7339,111,252,241,128,249.0,driving
227.93165,111,254,241,128,2.0,idle
228.1298,111,1,2,128,253.0,driving
228.32765,111,252,237,128,251.0,driving
228.52565,111,2,242,128,250.0,driving
228.7239,111,252,21,128,250.0,driving
228.92165,111,5,30,128,247.0,driving
229.1198,111,255,1,128,250.0,driving
229.3177,111,252,233,128,3.0,idle
229.5157,111,3,2,128,249.0,driving
229.7139,111,253,1,128,250.0,driving
229.9117,111,1,250,127,252.0,driving
230.1098,111,224,33,115,223.0,driving
230.3077,111,250,205,126,26.0,driving
230.5057,111,254,189,128,4.0,idle
230.7038,111,254,229,127,0.0,idle
230.90165,111,0,242,128,254.0,driving
231.0998,111,1,246,127,1.0,idle
231.2977,111,253,5,128,252.0,driving
231.4957,111,255,249,127,2.0,idle
231.6939,111,0,242,127,255.0,driving
231.8917,111,254,245,128,254.0,driving
232.0898,111,255,5,128,1.0,idle
232.2877,111,253,249,128,2.0,idle
232.4857,111,0,242,127,253.0,driving
232.6838,111,1,250,128,1.0,idle
232.8817,111,254,5,128,253.0,driving
233.0782,111,255,9,128,1.0,idle
233.2762,111,0,246,128,255.0,driving
233.4742,111,1,250,128,1.0,idle
233.67255,111,254,249,128,253.0,driving
233.8702,111,253,253,128,1.0,idle
234.0682,111,255,249,128,2.0,idle
234.2662,111,255,249,128,0.0,idle
234.4642,111,0,2,128,255.0,driving
234.6623,111,254,253,128,254.0,driving
234.86025,111,255,245,128,1.0,idle
235.05825,111,2,242,128,253.0,driving
235.25625,111,0,254,128,2.0,idle
235.4542,111,254,13,128,254.0,driving
235.65235,111,253,249,128,1.0,idle
235.8502,111,1,238,128,252.0,driving
236.0482,111,255,1,128,254.0,driving
236.2462,111,254,1,128,1.0,idle
236.44485,111,253,9,128,1.0,idle
236.64375,111,255,245,128,2.0,idle
236.84025,111,0,242,128,255.0,driving
237.03825,111,253,9,128,253.0,driving
237.23625,111,253,5,128,0.0,idle
237.43425,111,255,241,128,2.0,idle
237.63245,111,2,234,128,253.0,driving
237.83025,111,255,1,128,253.0,driving
238.02825,111,254,1,127,1.0,idle
238.22625,111,255,253,128,1.0,idle
238.4242,111,255,241,128,0.0,idle
238.6224,111,255,5,128,0.0,idle
238.8202,111,253,253,128,2.0,idle
239.0182,111,2,234,127,251.0,driving
239.21625,111,0,246,128,2.0,idle
239.41425,111,255,13,128,255.0,driving
239.61245,111,254,17,128,1.0,idle
239.81025,111,255,245,128,1.0,idle
240.00825,111,1,234,127,254.0,driving
240.20625,111,254,253,128,253.0,driving
240.40425,111,254,1,128,0.0,idle
240.60235,111,0,238,128,254.0,driving
240.80025,111,0,246,128,0.0,idle
240.99825,111,1,254,127,1.0,idle
241.19625,111,253,9,128,252.0,driving
241.39425,111,255,253,128,2.0,idle
241.59245,111,0,242,127,255.0,driving
241.79025,111,254,1,128,254.0,driving
241.98825,111,254,9,128,0.0,idle
242.18625,111,255,237,128,1.0,idle
242.38425,111,0,246,128,255.0,driving
242.58235,111,254,5,128,254.0,driving
242.78025,111,254,5,128,0.0,idle
242.97825,111,254,253,128,0.0,idle
243.17625,111,255,249,127,1.0,idle
243.37425,111,0,234,128,255.0,driving
243.57255,111,252,13,128,252.0,driving
243.77025,111,0,246,128,252.0,driving
243.96825,111,255,245,128,255.0,driving
244.16625,111,254,17,128,1.0,idle
244.36425,111,255,253,128,1.0,idle
244.5624,111,0,246,128,255.0,driving
244.76025,111,2,238,128,2.0,idle
244.95825,111,254,253,128,252.0,driving
245.15625,111,253,17,128,1.0,idle
245.35425,111,0,242,128,253.0,driving
245.55235,111,11,246,124,11.0,driving
245.75025,111,5,6,128,6.0,idle
245.94825,111,5,150,111,0.0,idle
246.14625,111,51,197,130,46.0,driving
246.34425,111,165,52,168,114.0,driving
246.54245,111,169,17,145,4.0,idle
246.74175,111,224,29,141,55.0,driving
246.93975,111,12,170,131,212.0,driving
247.1379,111,254,101,129,242.0,driving
247.33575,111,253,141,127,1.0,idle
247.53395,111,6,22,129,247.0,driving
247.73175,111,2,230,128,4.0,idle
247.92975,111,30,38,131,28.0,driving
248.12785,111,34,99,94,4.0,idle
248.32575,111,188,118,101,154.0,driving
248.52395,111,70,242,117,118.0,driving
248.72175,111,200,185,151,130.0,driving
248.91975,111,202,185,128,2.0,idle
249.11785,111,242,37,132,40.0,driving
249.31575,111,248,225,135,6.0,idle
249.5139,111,237,225,131,11.0,driving
249.71175,111,5,30,131,232.0,driving
249.90975,111,254,185,123,249.0,driving
250.1079,111,250,5,126,4.0,idle
250.30575,111,1,246,129,249.0,driving
250.5039,111,244,249,126,243.0,driving
250.70175,111,1,242,127,243.0,driving
250.89975,111,2,18,128,1.0,idle
251.09785,111,251,209,127,249.0,driving
251.29575,111,9,62,129,242.0,driving
251.49385,111,247,217,127,238.0,driving
251.69175,111,253,5,127,6.0,idle
251.8883,111,251,245,127,2.0,idle
252.08625,111,0,6,127,251.0,driving
252.28425,111,4,62,128,4.0,idle
252.48254999999995,111,248,177,127,244.0,driving
252.68025,111,7,70,129,241.0,driving
252.87825,111,250,209,126,243.0,driving
253.0769,111,255,249,127,5.0,idle
253.2743,111,3,30,128,252.0,driving
253.47395,111,249,197,127,246.0,driving
253.67174999999995,111,4,34,127,245.0,driving
253.86975,111,251,229,128,247.0,driving
254.0679,111,4,18,129,247.0,driving
254.26575,111,2,66,127,2.0,idle
254.46395,111,251,245,127,249.0,driving
254.66175,111,9,46,129,242.0,driving
254.85975,111,248,145,128,239.0,driving
255.0579,111,3,46,129,245.0,driving
255.25575,111,252,21,127,249.0,driving
255.45235,111,6,66,127,246.0,driving
255.6503,111,248,173,128,242.0,driving
255.8483,111,7,54,129,241.0,driving
256.0463,111,247,197,127,240.0,driving
256.2443,111,0,10,127,247.0,driving
256.44245,111,3,26,127,3.0,idle
256.64029999999997,111,246,157,127,243.0,driving
256.8383,111,4,78,127,242.0,driving
257.0363,111,255,241,128,251.0,driving
257.23429999999996,111,0,230,128,255.0,driving
257.4325,111,253,5,126,253.0,driving
257.6303,111,254,253,128,1.0,idle
257.8283,111,255,21,128,1.0,idle
258.0263,111,250,193,128,5.0,idle
258.22429999999997,111,4,26,129,246.0,driving
258.4225,111,250,217,127,246.0,driving
258.6203,111,1,250,128,249.0,driving
258.81829999999997,111,4,254,128,3.0,idle
259.0163,111,254,17,127,250.0,driving
259.2143,111,3,14,128,251.0,driving
259.4124,111,249,225,127,246.0,driving
259.6103,111,1,10,127,248.0,driving
259.8083,111,250,253,127,249.0,driving
260.0063,111,249,213,127,1.0,idle
260.2043,111,8,82,128,241.0,driving
260.4025,111,252,213,128,244.0,driving
260.6003,111,3,26,128,249.0,driving
260.7983,111,249,193,128,246.0,driving
260.99629999999996,111,254,1,127,5.0,idle
261.1943,111,1,58,128,253.0,driving
261.3924,111,254,217,128,253.0,driving
261.5903,111,5,38,128,249.0,driving
261.7883,111,255,209,128,250.0,driving
261.98629999999997,111,3,66,127,252.0,driving
262.1843,111,253,225,127,250.0,driving
262.38265,111,8,46,129,245.0,driving
262.58029999999997,111,252,1,127,244.0,driving
262.7783,111,0,18,127,252.0,driving
262.9763,111,212,173,131,212.0,driving
263.17429999999996,111,200,112,155,12.0,driving
263.37245,111,158,221,144,42.0,driving
263.5703,111,147,201,127,11.0,driving
263.7683,111,11,26,132,136.0,driving
263.9663,111,5,14,129,6.0,idle
264.16429999999997,111,241,145,129,236.0,driving
264.36255,111,253,233,128,12.0,driving
264.5603,111,247,129,128,6.0,idle
264.75835,111,242,53,131,5.0,idle
264.95635,111,255,45,130,13.0,driving
265.15434999999997,111,11,46,128,244.0,driving
265.35245,111,17,98,124,6.0,idle
265.5503,111,6,34,128,11.0,driving
265.7483,111,253,233,127,247.0,driving
265.9463,111,252,29,125,1.0,idle
266.1443,111,7,82,127,245.0,driving
266.344,111,248,29,127,241.0,driving
266.5403,111,1,30,128,247.0,driving
266.7398,111,249,29,126,248.0,driving
266.9378,111,1,250,127,248.0,driving
267.13595,111,2,234,128,1.0,idle
267.334,111,245,221,127,243.0,driving
267.5318,111,6,38,128,239.0,driving
267.7298,111,252,249,127,246.0,driving
267.9278,111,5,18,128,247.0,driving
268.12595,111,255,9,127,250.0,driving
268.324,111,7,22,127,248.0,driving
268.5218,111,246,233,126,239.0,driving
268.71979999999996,111,252,217,128,6.0,idle
268.9178,111,249,205,127,3.0,idle
269.11595,111,255,245,127,6.0,idle
269.31395,111,7,46,128,248.0,driving
269.5118,111,251,9,127,244.0,driving
269.7098,111,4,238,129,247.0,driving
269.9078,111,251,253,127,247.0,driving
270.10595,111,253,217,128,2.0,idle
270.304,111,230,113,128,23.0,driving
270.50185,111,247,217,128,17.0,driving
270.69984999999997,111,3,250,129,244.0,driving
270.89785,111,248,177,128,245.0,driving
271.09594999999996,111,225,189,130,23.0,driving
271.29404999999997,111,240,85,129,15.0,driving
271.4918,111,254,1,128,14.0,driving
271.6898,111,252,217,128,2.0,idle
271.88779999999997,111,32,98,128,220.0,driving
272.08594999999997,111,254,13,133,222.0,driving
272.284,111,77,133,140,177.0,driving
272.48185,111,36,210,135,41.0,driving
272.6798,111,35,254,121,1.0,idle
272.8778,111,209,205,124,174.0,driving
273.07595,111,237,217,128,28.0,driving
273.274,111,90,150,148,147.0,driving
273.47184999999996,111,122,138,125,32.0,driving
273.66985,111,5,226,129,117.0,driving
273.86785,111,212,125,134,207.0,driving
274.06595,111,245,241,125,33.0,driving
274.26255,111,0,238,127,245.0,driving
274.46035,111,245,33,123,245.0,driving
274.65835,111,254,9,117,9.0,idle
274.85634999999996,111,246,217,129,8.0,idle
275.05435,111,3,194,131,243.0,driving
275.25245,111,0,62,132,3.0,idle
275.45035,111,244,133,129,244.0,driving
275.64835,111,252,189,129,8.0,idle
275.84635,111,7,38,126,245.0,driving
276.04435,111,5,18,130,2.0,idle
276.2425,111,252,17,128,247.0,driving
276.441,111,5,58,127,247.0,driving
276.639,111,1,254,128,4.0,idle
276.83635,111,251,25,129,250.0,driving
277.03434999999996,111,255,21,126,4.0,idle
277.23255,111,250,249,128,5.0,idle
277.43035,111,253,233,128,3.0,idle
277.62835,111,255,213,128,2.0,idle
277.82635,111,254,1,129,1.0,idle
278.02434999999997,111,2,14,127,252.0,driving
278.22249999999997,111,255,29,128,253.0,driving
278.42035,111,3,234,128,252.0,driving
278.6184,111,254,25,127,251.0,driving
278.8164,111,253,253,128,1.0,idle
279.01435,111,0,246,128,253.0,driving
279.2125,111,253,1,129,253.0,driving
279.41035,111,6,206,128,247.0,driving
279.60835,111,254,245,128,248.0,driving
279.80635,111,3,246,128,251.0,driving
280.00435,111,249,241,128,246.0,driving
280.2025,111,251,241,128,2.0,idle
280.40035,111,252,5,127,1.0,idle
280.59835,111,253,9,128,1.0,idle
280.79634999999996,111,0,250,127,253.0,driving
280.9944,111,253,241,128,253.0,driving
281.19259999999997,111,0,6,128,253.0,driving
281.3904,111,254,45,127,254.0,driving
281.5884,111,252,253,128,2.0,idle
281.7864,111,253,249,128,1.0,idle
281.9844,111,254,1,128,1.0,idle
282.18255,111,1,206,127,253.0,driving
282.38034999999996,111,254,1,128,253.0,driving
282.57835,111,3,234,127,251.0,driving
282.77635,111,5,254,128,2.0,idle
282.97435,111,4,242,127,1.0,idle
283.1725,111,1,6,127,3.0,idle
283.37039999999996,111,254,249,128,253.0,driving
283.5684,111,2,230,127,252.0,driving
283.7664,111,255,245,127,253.0,driving
283.9644,111,255,49,127,0.0,idle
284.1626,111,254,33,128,1.0,idle
284.36039999999997,111,3,254,127,251.0,driving
284.5584,111,2,238,127,1.0,idle
284.7564,111,8,214,127,6.0,idle
284.95439999999996,111,6,178,127,2.0,idle
285.15254999999996,111,252,5,128,246.0,driving
285.35035,111,253,9,127,1.0,idle
285.54834999999997,111,255,9,128,2.0,idle
285.7464,111,4,214,128,251.0,driving
285.9444,111,255,1,128,251.0,driving
286.14259999999996,111,254,229,128,1.0,idle
286.34184999999997,111,0,238,128,254.0,driving
286.53985,111,251,21,128,251.0,driving
286.73789999999997,111,1,250,127,250.0,driving
286.9359,111,3,218,128,2.0,idle
287.13419999999996,111,255,13,128,252.0,driving
287.33189999999996,111,253,9,128,2.0,idle
287.5299,111,2,230,127,251.0,driving
287.72785,111,0,2,127,2.0,idle
287.92584999999997,111,253,1,128,253.0,driving
288.12415,111,253,241,128,0.0,idle
288.32185,111,251,13,128,2.0,idle
288.51984999999996,111,254,17,127,3.0,idle
288.71785,111,3,2,127,251.0,driving
288.91585,111,0,246,128,3.0,idle
289.11415,111,250,41,127,250.0,driving
289.3119,111,0,22,127,250.0,driving
289.50989999999996,111,229,137,88,229.0,driving
289.7079,111,6,58,109,223.0,driving
289.9059,111,171,214,78,165.0,driving
290.10415,111,251,190,93,80.0,driving
290.3019,111,36,137,99,215.0,driving
290.49989999999997,111,37,18,80,1.0,idle
290.6979,111,0,162,116,37.0,driving
290.89585,111,253,21,128,253.0,driving
291.09425,111,3,22,127,250.0,driving
291.2919,111,0,222,128,3.0,idle
291.4899,111,2,10,127,2.0,idle
291.6879,111,253,5,128,251.0,driving
291.8859,111,251,225,127,2.0,idle
292.08414999999997,111,0,222,127,251.0,driving
292.2819,111,253,253,128,253.0,driving
292.4799,111,2,34,127,251.0,driving
292.67789999999997,111,255,229,128,253.0,driving
292.8744,111,0,238,128,255.0,driving
293.0725,111,255,29,127,255.0,driving
293.2704,111,0,234,127,255.0,driving
293.469,111,250,233,128,250.0,driving
293.667,111,255,253,127,5.0,idle
293.8659,111,2,18,128,253.0,driving
294.06419999999997,111,255,245,127,253.0,driving
294.26189999999997,111,0,218,127,255.0,driving
294.4599,111,253,13,128,253.0,driving
294.6579,111,4,26,127,249.0,driving
294.85589999999996,111,252,229,128,248.0,driving
295.0542,111,0,14,127,252.0,driving
295.2519,111,2,14,128,2.0,idle
295.44845,111,255,209,127,253.0,driving
295.64639999999997,111,2,230,128,253.0,driving
295.8444,111,252,33,128,250.0,driving
296.04265,111,251,29,127,1.0,idle
296.24039999999997,111,253,225,128,2.0,idle
296.4384,111,254,249,127,1.0,idle
296.6364,111,253,21,128,1.0,idle
296.83439999999996,111,3,230,127,250.0,driving
297.0326,111,255,229,127,252.0,driving
297.23044999999996,111,254,33,127,1.0,idle
297.42845,111,255,253,128,1.0,idle
297.62645,111,1,210,127,254.0,driving
297.82445,111,233,205,128,232.0,driving
298.0226,111,12,182,123,221.0,driving
298.22044999999997,111,151,253,125,139.0,driving
298.41845,111,235,64,199,84.0,driving
298.6164,111,49,189,243,186.0,driving
298.8144,111,176,13,120,127.0,driving
299.01255,111,195,197,128,19.0,driving
299.2104,111,222,149,128,27.0,driving
299.4084,111,15,70,119,207.0,driving
299.60645,111,8,182,128,7.0,idle
299.80445,111,222,185,158,214.0,driving
300.00264999999996,111,9,42,114,213.0,driving
300.20045,111,10,198,112,1.0,idle
300.39844999999997,111,143,242,132,133.0,driving
300.59645,111,22,166,135,121.0,driving
300.79445,111,251,89,125,229.0,driving
300.99255,111,247,125,121,4.0,idle
301.19045,111,157,253,125,90.0,driving
301.38845,111,221,109,128,64.0,driving
301.58645,111,249,217,127,28.0,driving
301.78445,111,253,145,129,4.0,idle
301.98255,111,254,241,129,1.0,idle
302.18045,111,0,178,128,254.0,driving
302.37845,111,254,21,128,254.0,driving
302.57644999999997,111,4,210,128,250.0,driving
302.77445,111,253,189,129,249.0,driving
302.97255,111,253,5,128,0.0,idle
303.17044999999996,111,248,229,128,5.0,idle
303.36845,111,255,25,129,7.0,idle
303.56645,111,6,238,127,249.0,driving
303.76445,111,251,1,129,245.0,driving
303.9627,111,0,14,128,251.0,driving
304.16044999999997,111,250,233,128,250.0,driving
304.35845,111,255,29,128,5.0,idle
304.55645,111,252,1,127,3.0,idle
304.75444999999996,111,1,2,128,251.0,driving
304.95265,111,1,226,127,0.0,idle
305.15045,111,252,9,129,251.0,driving
305.34845,111,253,241,127,1.0,idle
305.54645,111,252,245,129,1.0,idle
305.74445,111,0,2,127,252.0,driving
305.94264999999996,111,249,69,128,249.0,driving
306.14205,111,255,53,126,6.0,idle
306.33995,111,251,225,128,4.0,idle
306.53794999999997,111,1,38,128,250.0,driving
306.73595,111,251,253,127,250.0,driving
306.9341,111,254,5,128,3.0,idle
307.1321,111,240,41,127,14.0,driving
307.32995,111,247,5,129,7.0,idle
307.5279,111,2,10,127,245.0,driving
307.72595,111,251,245,128,249.0,driving
307.92415,111,0,34,128,251.0,driving
308.12205,111,0,206,128,0.0,idle
308.31995,111,1,46,128,1.0,idle
308.51795,111,254,37,127,253.0,driving
308.71594999999996,111,250,13,128,4.0,idle
308.91405,111,7,2,127,243.0,driving
309.11205,111,249,229,128,242.0,driving
309.30994999999996,111,5,10,127,244.0,driving
309.50795,111,254,229,127,249.0,driving
309.70595,111,248,61,124,6.0,idle
309.90425,111,240,145,113,8.0,idle
310.1021,111,252,85,126,12.0,driving
310.29994999999997,111,253,5,127,1.0,idle
310.49795,111,253,13,129,0.0,idle
310.69595,111,4,26,129,249.0,driving
310.894,111,254,253,128,250.0,driving
311.09205,111,2,14,128,252.0,driving
311.28995,111,1,250,128,1.0,idle
311.48795,111,4,34,128,3.0,idle
311.68595,111,254,241,128,250.0,driving
311.8841,111,2,22,128,252.0,driving
312.08209999999997,111,1,190,129,1.0,idle
312.27995,111,0,242,129,1.0,idle
312.47794999999996,111,251,5,127,251.0,driving
312.67595,111,0,234,128,251.0,driving
312.87399999999997,111,5,250,127,5.0,idle
313.0721,111,251,241,128,246.0,driving
313.26995,111,4,246,128,247.0,driving
313.46795,111,255,213,128,251.0,driving
313.66595,111,253,41,128,2.0,idle
313.8642,111,253,13,127,0.0,idle
314.0605,111,255,13,128,2.0,idle
314.25849999999997,111,2,42,126,253.0,driving
314.4565,111,250,25,128,248.0,driving
314.6545,111,6,242,127,244.0,driving
314.85265,111,253,221,128,247.0,driving
315.0505,111,251,229,128,2.0,idle
315.24845,111,255,5,128,4.0,idle
315.44644999999997,111,234,90,104,21.0,driving
315.6445,111,151,2,77,83.0,driving
315.8427,111,90,114,121,61.0,driving
316.0405,111,78,119,126,12.0,driving
316.2385,111,249,54,91,171.0,driving
316.43649999999997,111,184,194,102,65.0,driving
316.6345,111,120,201,128,64.0,driving
316.83265,111,233,125,127,113.0,driving
317.03049999999996,111,199,53,124,34.0,driving
317.2285,111,223,165,127,24.0,driving
317.4265,111,228,173,128,5.0,idle
317.6245,111,245,245,128,17.0,driving
317.82265,111,4,26,128,241.0,driving
318.02049999999997,111,0,10,128,4.0,idle
318.2185,111,133,246,132,133.0,driving
318.4165,111,246,33,127,113.0,driving
318.61449999999996,111,255,49,127,9.0,idle
318.8126,111,242,61,128,13.0,driving
319.0105,111,3,26,127,239.0,driving
319.20849999999996,111,4,58,126,1.0,idle
319.4065,111,1,2,123,3.0,idle
319.6045,111,5,238,126,4.0,idle
319.8028,111,0,14,127,5.0,idle
